split,scene,path,pts_t0,pts_t1,xmin,ymin,zmin,xmax,ymax,zmax,ext_x,ext_y,ext_z,change_ratio,cubes_occupied,cubes_kept,cubes_dropped,med_pts_cube_t0,med_pts_cube_t1,class_0,class_1
test,Test/009-2,data/raw/indoorcd_ply\Test\009-2,49358,62339,-1.5224974155426025,-0.5045795440673828,-0.8418276906013489,1.5564790964126587,0.6081014275550842,0.9650824069976807,3.078976631164551,1.1126809120178223,1.8069100379943848,0.0,4,4,0,7731,11269,62339,0
test,Test/009-3,data/raw/indoorcd_ply\Test\009-3,49358,56768,-1.375251293182373,-0.5124654173851013,-0.8518762588500977,1.3523688316345215,0.6644511222839355,0.74574875831604,2.7276201248168945,1.1769165992736816,1.5976250171661377,0.004245349492671928,4,4,0,6808,6603,56527,241
test,Test/009-4,data/raw/indoorcd_ply\Test\009-4,49358,76000,-1.605818748474121,-0.4739095866680145,-0.8697576522827148,1.4748812913894653,0.7051187753677368,1.1131751537322998,3.080699920654297,1.1790283918380737,1.9829328060150146,0.0039868421052631576,4,4,0,8625,14925,75697,303
test,Test/009-5,data/raw/indoorcd_ply\Test\009-5,49358,59424,-1.3173260688781738,-0.4888722002506256,-0.8449574708938599,1.4654240608215332,0.657526433467865,0.74574875831604,2.782750129699707,1.146398663520813,1.5907062292099,0.008817985998922993,4,4,0,6403,6992,58900,524
test,Test/017-2,data/raw/indoorcd_ply\Test\017-2,98177,101198,-1.437700867652893,-1.0847229957580566,-0.8939327001571655,1.160875678062439,1.076707363128662,1.0692040920257568,2.598576545715332,2.1614303588867188,1.9631367921829224,0.0,8,8,0,8151,8729,101198,0
test,Test/017-3,data/raw/indoorcd_ply\Test\017-3,98177,99221,-1.4697017669677734,-1.066788673400879,-0.8939327001571655,1.160875678062439,1.076707363128662,1.1504802703857422,2.630577564239502,2.143496036529541,2.0444130897521973,0.02693986152125054,9,8,1,7542,8164,96548,2673
test,Test/017-4,data/raw/indoorcd_ply\Test\017-4,98177,89244,-1.437700867652893,-1.0807660818099976,-0.8939327001571655,1.160875678062439,1.0870188474655151,1.2016628980636597,2.598576545715332,2.1677849292755127,2.095595598220825,0.0018264533189906323,9,8,1,8095,7255,89081,163
test,Test/017-5,data/raw/indoorcd_ply\Test\017-5,98177,98415,-1.6567492485046387,-1.066788673400879,-0.9113848209381104,1.160875678062439,1.0833325386047363,1.2199066877365112,2.817625045776367,2.1501212120056152,2.131291389465332,0.0036173347558807094,9,8,1,9869,9666,98059,356
test,Test/018-2,data/raw/indoorcd_ply\Test\018-2,208822,203761,-2.572619676589966,1.3856074810028076,-0.04629753157496452,2.2056119441986084,3.497835636138916,3.4258840084075928,4.778231620788574,2.1122281551361084,3.472181558609009,0.0,16,14,2,10005,10418,203761,0
test,Test/018-3,data/raw/indoorcd_ply\Test\018-3,208822,202230,-2.3592758178710938,1.27472984790802,-0.059260640293359756,2.2056119441986084,3.4798424243927,3.4258840084075928,4.564888000488281,2.2051124572753906,3.48514461517334,0.021035454680314494,24,18,6,8693,8190,197976,4254
test,Test/018-4,data/raw/indoorcd_ply\Test\018-4,208822,246571,-2.3592758178710938,1.4989641904830933,-0.042814310640096664,2.5926079750061035,3.4825820922851562,3.4258840084075928,4.951883792877197,1.983617901802063,3.468698263168335,0.0016790295695763087,12,12,0,17112,17517,246157,414
test,Test/018-5,data/raw/indoorcd_ply\Test\018-5,208822,242106,-2.657310962677002,1.2820740938186646,-0.040147460997104645,2.4823710918426514,3.506436586380005,3.4258840084075928,5.139681816101074,2.224362373352051,3.466031551361084,0.007298456048177244,24,22,2,6625,7671,240339,1767
test,Test/019-2,data/raw/indoorcd_ply\Test\019-2,74821,67538,-1.5340449810028076,-1.5758028030395508,-3.5980024337768555,1.0705652236938477,1.514061689376831,0.6244919300079346,2.6046102046966553,3.089864492416382,4.222494125366211,0.005108235363795197,9,4,5,8288,11302,67193,345
test,Test/019-3,data/raw/indoorcd_ply\Test\019-3,74821,64397,-1.5340449810028076,-1.5758028030395508,-3.5980024337768555,1.0705652236938477,1.4907076358795166,0.6884729266166687,2.6046102046966553,3.0665104389190674,4.28647518157959,0.01660015218100222,9,4,5,8288,10767,63328,1069
test,Test/019-4,data/raw/indoorcd_ply\Test\019-4,74821,66607,-1.5340449810028076,-1.5758028030395508,-3.5980024337768555,1.0705652236938477,1.510128140449524,0.5945360660552979,2.6046102046966553,3.085930824279785,4.192538261413574,0.0032128755235936164,9,4,5,8288,11294,66393,214
test,Test/019-5,data/raw/indoorcd_ply\Test\019-5,74821,82840,-1.5340449810028076,-1.5758028030395508,-3.5980024337768555,2.3294601440429688,1.5029728412628174,0.6168895363807678,3.8635051250457764,3.078775644302368,4.2148919105529785,0.014171897633993239,10,3,7,12646,23425,81666,1174
test,Test/023-2,data/raw/indoorcd_ply\Test\023-2,195654,215823,-2.142362117767334,-1.4610798358917236,-1.9029802083969116,1.417338490486145,1.3717211484909058,3.2930076122283936,3.5597004890441895,2.83280086517334,5.195987701416016,0.0049160654795828065,18,13,5,12232,15885,214762,1061
test,Test/023-3,data/raw/indoorcd_ply\Test\023-3,195654,278447,-2.2835123538970947,-1.4929546117782593,-1.9412753582000732,1.320373773574829,1.4146944284439087,5.392103672027588,3.603886127471924,2.907649040222168,7.333378791809082,0.014699386238673787,24,15,9,11932,13533,274354,4093
test,Test/023-4,data/raw/indoorcd_ply\Test\023-4,195654,252563,-2.1907012462615967,-1.444393277168274,-1.8174790143966675,1.6601686477661133,1.3550792932510376,2.541217565536499,3.85086989402771,2.7994725704193115,4.358696460723877,0.018419166702961242,20,15,5,11196,11484,247911,4652
test,Test/023-5,data/raw/indoorcd_ply\Test\023-5,195654,275364,-2.2139346599578857,-1.430999994277954,-1.9923605918884277,2.0400261878967285,1.3877259492874146,2.6697568893432617,4.253960609436035,2.818726062774658,4.6621174812316895,0.04297221132755189,22,15,7,11732,14223,263531,11833
test,Test/026-2,data/raw/indoorcd_ply\Test\026-2,76656,85235,-0.975562572479248,-1.4158146381378174,-0.7625012993812561,0.750420331954956,1.480600357055664,0.7045133113861084,1.725982904434204,2.8964149951934814,1.4670145511627197,0.0,4,4,0,12126,13682,85235,0
test,Test/026-3,data/raw/indoorcd_ply\Test\026-3,76656,72447,-0.975562572479248,-1.3390402793884277,-0.6837931871414185,0.750420331954956,1.4564905166625977,0.7045133113861084,1.725982904434204,2.7955307960510254,1.3883064985275269,0.0020704791088657915,4,4,0,10913,10100,72297,150
test,Test/026-4,data/raw/indoorcd_ply\Test\026-4,76656,77469,-0.975562572479248,-1.357433557510376,-0.6837931871414185,0.750420331954956,1.4812997579574585,0.7045133113861084,1.725982904434204,2.838733196258545,1.3883064985275269,0.006518736526868812,4,3,1,18003,16482,76964,505
test,Test/026-5,data/raw/indoorcd_ply\Test\026-5,76656,82172,-0.975562572479248,-1.338017225265503,-0.6837931871414185,0.7549048662185669,1.4419726133346558,0.9149402976036072,1.730467438697815,2.779989719390869,1.5987334251403809,0.0038090833860682472,4,4,0,10904,10984,81859,313
test,Test/027-2,data/raw/indoorcd_ply\Test\027-2,93864,93444,-0.9183624982833862,-1.4059911966323853,-0.8303605318069458,1.4347010850906372,1.4059853553771973,0.8164449334144592,2.3530635833740234,2.811976432800293,1.6468055248260498,0.01676940199477762,5,4,1,16195,16004,91877,1567
test,Test/027-3,data/raw/indoorcd_ply\Test\027-3,93864,92339,-0.9161255955696106,-1.393048882484436,-0.8235926628112793,1.4347010850906372,1.403245449066162,0.8164449334144592,2.3508267402648926,2.7962942123413086,1.6400375366210938,0.011046253479028363,5,4,1,16027,13474,91319,1020
test,Test/027-4,data/raw/indoorcd_ply\Test\027-4,93864,101054,-0.9185373783111572,-1.4021286964416504,-0.8156287670135498,1.4888489246368408,1.403245449066162,0.8164449334144592,2.407386302947998,2.8053741455078125,1.6320736408233643,0.006105646486037168,5,5,0,6355,8231,100437,617
test,Test/035-2,data/raw/indoorcd_ply\Test\035-2,74775,74934,-1.9716876745224,-1.403261661529541,-0.6154810190200806,1.9106042385101318,1.3378868103027344,0.9181431531906128,3.882291793823242,2.7411484718322754,1.5336241722106934,0.009982117596818534,5,5,0,5098,6784,74186,748
test,Test/035-3,data/raw/indoorcd_ply\Test\035-3,74775,102603,-2.2629916667938232,-1.4226824045181274,-0.6154810190200806,1.9106042385101318,1.3378868103027344,1.4602725505828857,4.173595905303955,2.7605690956115723,2.075753688812256,0.07181076576708284,10,6,4,2559,8090,95235,7368
test,Test/035-4,data/raw/indoorcd_ply\Test\035-4,74775,98422,-2.008556842803955,-1.408168077468872,-0.6154810190200806,1.9106042385101318,1.3378868103027344,1.2946144342422485,3.919161081314087,2.7460548877716064,1.910095453262329,0.014559752900774218,7,5,2,5007,15062,96989,1433
test,Test/035-5,data/raw/indoorcd_ply\Test\035-5,74775,103171,-1.9716876745224,-1.4223297834396362,-0.6154810190200806,1.9106042385101318,1.387252926826477,1.2534900903701782,3.882291793823242,2.8095827102661133,1.8689711093902588,0.06944780994659353,7,5,2,5090,14065,96006,7165
test,Test/036-2,data/raw/indoorcd_ply\Test\036-2,170664,181324,-2.4560837745666504,-1.6720892190933228,-1.0225242376327515,2.467104911804199,1.6619503498077393,0.9574635028839111,4.92318868637085,3.3340396881103516,1.9799877405166626,0.0050737905627495535,11,9,2,13976,9733,180404,920
test,Test/036-3,data/raw/indoorcd_ply\Test\036-3,170664,148357,-2.4560837745666504,-1.666422963142395,-0.9457864761352539,2.1908836364746094,1.6710362434387207,0.9574635028839111,4.64696741104126,3.337459087371826,1.903249979019165,0.006949453008621096,10,8,2,19656,12631,147326,1031
test,Test/036-4,data/raw/indoorcd_ply\Test\036-4,170664,154793,-2.4560837745666504,-1.6602046489715576,-0.9598620533943176,2.009063482284546,1.656904935836792,0.9574635028839111,4.465147018432617,3.3171095848083496,1.917325496673584,0.02970418558978765,11,7,4,26989,12745,150195,4598
test,Test/036-5,data/raw/indoorcd_ply\Test\036-5,170664,159215,-2.4560837745666504,-1.6823692321777344,-1.0180859565734863,2.825010061264038,1.656904935836792,1.0263831615447998,5.281093597412109,3.3392741680145264,2.044469118118286,0.03317526614954621,11,9,2,13781,12597,153933,5282
test,Test/039-2,data/raw/indoorcd_ply\Test\039-2,165955,154177,-1.956463098526001,-1.5651254653930664,-0.8681491017341614,2.0703341960906982,1.764655351638794,0.9035733342170715,4.026797294616699,3.3297808170318604,1.771722435951233,0.006142291003197624,9,8,1,17528,14918,153230,947
test,Test/039-5,data/raw/indoorcd_ply\Test\039-5,165955,167112,-1.956463098526001,-1.5926876068115234,-0.942212700843811,2.6943888664245605,1.764655351638794,1.320889949798584,4.650852203369141,3.3573429584503174,2.2631025314331055,0.0720115850447604,11,8,3,18584,20795,155078,12034
test,Test/040-3,data/raw/indoorcd_ply\Test\040-3,282557,290411,-2.0667858123779297,-1.637244462966919,-1.4827221632003784,2.0865206718444824,1.6264684200286865,1.1868629455566406,4.153306484222412,3.2637128829956055,2.6695852279663086,0.01375980937361188,18,14,4,14197,14983,286415,3996
test,Test/040-4,data/raw/indoorcd_ply\Test\040-4,282557,294116,-2.2104852199554443,-1.637244462966919,-1.4827221632003784,2.084772825241089,1.6264684200286865,1.382637858390808,4.295258045196533,3.2637128829956055,2.8653600215911865,0.05408070285193597,18,15,3,14087,13192,278210,15906
test,Test/040-5,data/raw/indoorcd_ply\Test\040-5,282557,280568,-2.0667858123779297,-1.6386758089065552,-1.4827221632003784,2.084772825241089,1.6264684200286865,1.29030442237854,4.151558876037598,3.2651443481445312,2.773026466369629,0.06577728037409826,18,16,2,13623,9647,262113,18455
test,Test/041-2,data/raw/indoorcd_ply\Test\041-2,60677,56643,-0.7077151536941528,-1.477341651916504,-0.6135306358337402,0.7511088252067566,1.4762415885925293,0.6344772577285767,1.4588239192962646,2.953583240509033,1.248007893562317,0.020426177991984887,4,4,0,10062,9336,55486,1157
test,Test/041-3,data/raw/indoorcd_ply\Test\041-3,60677,61573,-0.7138528823852539,-1.4774717092514038,-0.6208253502845764,0.7511088252067566,1.4762415885925293,0.693734884262085,1.4649617671966553,2.9537134170532227,1.3145601749420166,0.04355805304272977,4,4,0,10063,9584,58891,2682
test,Test/041-4,data/raw/indoorcd_ply\Test\041-4,60677,57766,-0.7067763209342957,-1.477341651916504,-0.6137160062789917,0.7511088252067566,1.4762415885925293,0.6344772577285767,1.4578851461410522,2.953583240509033,1.2481932640075684,0.026295744901845376,4,3,1,19204,19769,56247,1519
test,Test/041-5,data/raw/indoorcd_ply\Test\041-5,60677,62375,-0.7085031270980835,-1.477341651916504,-0.5996230244636536,0.7511088252067566,1.4856030941009521,0.675931453704834,1.4596118927001953,2.962944746017456,1.2755544185638428,0.09397995991983968,4,4,0,10062,11442,56513,5862
test,Test/046-2,data/raw/indoorcd_ply\Test\046-2,40535,78094,-1.4243007898330688,-0.03469974547624588,-0.5909916162490845,0.8703944087028503,2.811107873916626,0.6775217056274414,2.2946951389312744,2.8458075523376465,1.2685133218765259,0.0013829487540656133,5,3,2,2558,4703,77986,108
test,Test/046-3,data/raw/indoorcd_ply\Test\046-3,40535,79628,-1.402092456817627,-0.03469974547624588,-0.5859923958778381,1.0063138008117676,2.7854604721069336,0.6775217056274414,2.4084062576293945,2.820160150527954,1.2635140419006348,0.0105113779072688,6,3,3,2234,3943,78791,837
test,Test/046-4,data/raw/indoorcd_ply\Test\046-4,40535,79372,-1.107282042503357,-0.03469974547624588,-0.6193372011184692,1.1984466314315796,2.7926206588745117,0.6863614320755005,2.3057286739349365,2.8273203372955322,1.3056986331939697,0.001688252784357204,5,2,3,20142,27582,79238,134
test,Test/046-5,data/raw/indoorcd_ply\Test\046-5,40535,67586,-1.3433505296707153,-0.03469974547624588,-0.5956931710243225,0.9485639333724976,2.7660131454467773,0.6775217056274414,2.291914463043213,2.800712823867798,1.2732148170471191,0.018376586867102654,5,3,2,1466,3877,66344,1242
test,Test/049-2,data/raw/indoorcd_ply\Test\049-2,150003,149853,-1.5344111919403076,-1.386230707168579,-1.181777834892273,1.4334522485733032,1.3811919689178467,1.2326239347457886,2.9678635597229004,2.767422676086426,2.4144017696380615,0.002962903645572661,11,9,2,11210,14429,149409,444
test,Test/049-5,data/raw/indoorcd_ply\Test\049-5,150003,169100,-1.6392183303833008,-1.3889838457107544,-1.1790539026260376,1.4334522485733032,1.3897908926010132,1.4235793352127075,3.0726704597473145,2.7787747383117676,2.602633237838745,0.005286812536960378,11,9,2,12401,17875,168206,894
test,Test/053-2,data/raw/indoorcd_ply\Test\053-2,296697,304679,-2.1238951683044434,-1.4602432250976562,-1.366781234741211,2.1367850303649902,1.3668955564498901,1.7000136375427246,4.260680198669434,2.827138900756836,3.0667948722839355,0.0,19,18,1,10944,12750,304679,0
test,Test/053-3,data/raw/indoorcd_ply\Test\053-3,296697,312948,-2.1238951683044434,-1.4615362882614136,-1.366781234741211,2.1395859718322754,1.3790934085845947,1.8375028371810913,4.263481140136719,2.8406295776367188,3.204284191131592,0.014753249741171056,21,18,3,10947,12510,308331,4617
test,Test/053-4,data/raw/indoorcd_ply\Test\053-4,296697,300865,-2.1271140575408936,-1.4602432250976562,-1.366781234741211,2.1519758701324463,1.3676843643188477,1.9253970384597778,4.27908992767334,2.827927589416504,3.292178153991699,0.027856347531284794,21,18,3,10925,12058,292484,8381
test,Test/053-5,data/raw/indoorcd_ply\Test\053-5,296697,301047,-2.1262645721435547,-1.4602432250976562,-1.3894422054290771,2.146026611328125,1.3666231632232666,1.547344446182251,4.27229118347168,2.826866388320923,2.936786651611328,0.03179902141526074,18,18,0,11212,12828,291474,9573
test,Test/055-2,data/raw/indoorcd_ply\Test\055-2,93236,94675,0.45318448543548584,-1.4026707410812378,-0.8545084595680237,2.5187315940856934,1.4244004487991333,0.9536020159721375,2.065546989440918,2.827071189880371,1.8081104755401611,0.003971481383681014,5,3,2,21114,21043,94299,376
test,Test/055-4,data/raw/indoorcd_ply\Test\055-4,93236,86978,0.3891417384147644,-1.415955901145935,-0.8545084595680237,2.5187315940856934,1.4244004487991333,0.8463504910469055,2.129589796066284,2.8403563499450684,1.7008589506149292,0.004840304444802134,6,3,3,21394,21220,86557,421
test,Test/055-5,data/raw/indoorcd_ply\Test\055-5,93236,95841,0.4959334135055542,-1.4025996923446655,-0.8726993203163147,2.7167985439300537,1.4244004487991333,0.8709112405776978,2.220865249633789,2.827000141143799,1.7436106204986572,0.008482799636898613,7,3,4,21095,21178,95028,813
test,Test/065-2,data/raw/indoorcd_ply\Test\065-2,49925,54728,-0.6787952780723572,-1.1270976066589355,-0.341470330953598,0.6836247444152832,1.159870982170105,0.9124861359596252,1.3624200820922852,2.28696870803833,1.2539564371109009,0.0003837158310188569,3,2,1,24962,27010,54707,21
test,Test/065-3,data/raw/indoorcd_ply\Test\065-3,49925,60208,-0.7008687853813171,-1.1217763423919678,-0.3772604167461395,1.673895001411438,1.1683522462844849,0.4851444959640503,2.3747637271881104,2.290128707885742,0.8624049425125122,0.007523917087430242,4,2,2,24962,29580,59755,453
test,Test/065-4,data/raw/indoorcd_ply\Test\065-4,49925,58093,-0.6849947571754456,-1.1327639818191528,-0.46935129165649414,1.4037789106369019,1.233885645866394,0.6424780488014221,2.088773727416992,2.366649627685547,1.1118292808532715,0.001118895564009433,4,2,2,24962,28888,58028,65
test,Test/065-5,data/raw/indoorcd_ply\Test\065-5,49925,60417,-0.6787952780723572,-1.1222927570343018,-0.39148157835006714,1.9685606956481934,1.159870982170105,0.6623818278312683,2.6473560333251953,2.282163619995117,1.0538634061813354,0.00797788701855438,5,2,3,24962,28171,59935,482
test,Test/067-2,data/raw/indoorcd_ply\Test\067-2,151719,160705,-1.6302306652069092,-1.671226978302002,-0.9917559027671814,2.735898733139038,1.7420233488082886,1.0648689270019531,4.366129398345947,3.41325044631958,2.0566248893737793,0.0,10,8,2,17976,17839,160705,0
test,Test/067-4,data/raw/indoorcd_ply\Test\067-4,151719,171877,-1.6630247831344604,-1.6671562194824219,-0.9778322577476501,2.735898733139038,1.7751312255859375,1.0648689270019531,4.398923397064209,3.4422874450683594,2.042701244354248,0.01882159916684606,10,8,2,17798,21213,168642,3235
test,Test/067-5,data/raw/indoorcd_ply\Test\067-5,151719,241606,-3.518988609313965,-1.6671562194824219,-1.0220437049865723,2.735898733139038,1.700270175933838,1.082309365272522,6.254887580871582,3.3674263954162598,2.1043529510498047,0.013186758606988237,15,8,7,17905,22299,238420,3186
test,Test/071-2,data/raw/indoorcd_ply\Test\071-2,286399,320616,-2.672877788543701,-1.4411664009094238,-1.2682634592056274,2.529935359954834,1.4732956886291504,1.970650553703308,5.202813148498535,2.914462089538574,3.2389140129089355,0.008988946278414053,19,17,2,16840,17716,317734,2882
test,Test/071-3,data/raw/indoorcd_ply\Test\071-3,286399,329178,-2.672877788543701,-1.4411664009094238,-1.235093593597412,2.529935359954834,1.421601414680481,1.484751582145691,5.202813148498535,2.8627676963806152,2.7198452949523926,0.0015219729143502907,18,17,1,16482,17455,328677,501
test,Test/071-4,data/raw/indoorcd_ply\Test\071-4,286399,314872,-2.672877788543701,-1.4411664009094238,-1.235093593597412,2.5432701110839844,1.423901915550232,1.5589215755462646,5.2161478996276855,2.8650684356689453,2.7940151691436768,0.046345816712822986,18,17,1,16482,16620,300279,14593
test,Test/071-5,data/raw/indoorcd_ply\Test\071-5,286399,322832,-2.672877788543701,-1.4411664009094238,-1.235093593597412,2.529935359954834,1.46610426902771,1.3904142379760742,5.202813148498535,2.907270669937134,2.6255078315734863,0.04321132973187292,18,17,1,16482,17902,308882,13950
test,Test/085-2,data/raw/indoorcd_ply\Test\085-2,90267,93259,-1.1365244388580322,-1.3733999729156494,-0.7215101718902588,0.9427785277366638,1.330140471458435,0.8145029544830322,2.079303026199341,2.703540325164795,1.536013126373291,0.0027772118508669406,8,6,2,8504,7435,93000,259
test,Test/085-3,data/raw/indoorcd_ply\Test\085-3,90267,100300,-1.0702115297317505,-1.3733999729156494,-0.7157114148139954,0.9467709064483643,1.342138409614563,0.9886853098869324,2.0169825553894043,2.715538501739502,1.7043967247009277,0.020139581256231307,7,4,3,14391,16622,98280,2020
test,Test/085-4,data/raw/indoorcd_ply\Test\085-4,90267,104322,-1.0702115297317505,-1.4134660959243774,-0.7159891724586487,0.9427785277366638,1.3379604816436768,0.8089123368263245,2.0129899978637695,2.7514266967773438,1.5249015092849731,0.3033109027817718,6,4,2,14785,15816,72680,31642
test,Test/085-5,data/raw/indoorcd_ply\Test\085-5,90267,117449,-1.139214038848877,-1.3922473192214966,-0.7216491103172302,0.9693959951400757,1.3330962657928467,0.9394901394844055,2.108610153198242,2.725343704223633,1.6611392498016357,0.25958501136663575,8,6,2,8475,9379,86961,30488
test,Test/106-2,data/raw/indoorcd_ply\Test\106-2,67663,67011,-0.969302773475647,-1.4010978937149048,-0.5450087189674377,1.0238133668899536,1.4026246070861816,0.604719877243042,1.9931161403656006,2.803722381591797,1.149728536605835,0.034113802211577206,3,3,0,15590,18621,64725,2286
test,Test/106-3,data/raw/indoorcd_ply\Test\106-3,67663,71927,-0.969302773475647,-1.3954349756240845,-0.5174657106399536,1.0185211896896362,1.4047977924346924,0.6102638244628906,1.9878239631652832,2.8002328872680664,1.1277295351028442,0.026443477414600916,3,2,1,33744,35590,70025,1902
test,Test/106-4,data/raw/indoorcd_ply\Test\106-4,67663,75508,-1.40825355052948,-1.3878698348999023,-0.5281612873077393,0.9437944293022156,1.4117835760116577,0.5679423809051514,2.352047920227051,2.7996535301208496,1.0961036682128906,0.028871112994649572,5,2,3,33484,37400,73328,2180
test,Test/106-5,data/raw/indoorcd_ply\Test\106-5,67663,68158,-1.0330331325531006,-1.3878698348999023,-0.5347590446472168,0.9437944293022156,1.4022830724716187,0.6705137491226196,1.976827621459961,2.7901530265808105,1.2052727937698364,0.04837289826579418,3,3,0,15307,19227,64861,3297
test,Test/111-2,data/raw/indoorcd_ply\Test\111-2,98838,102272,-1.0673991441726685,-1.559004306793213,-0.506500780582428,0.8166918754577637,1.4843446016311646,1.0811309814453125,1.8840910196304321,3.043348789215088,1.5876317024230957,0.0,4,4,0,18580,19565,102272,0
test,Test/111-3,data/raw/indoorcd_ply\Test\111-3,98838,104394,-1.4677557945251465,-1.5745680332183838,-0.5197640061378479,0.8166918754577637,1.4871433973312378,1.0778875350952148,2.28444766998291,3.061711311340332,1.597651481628418,0.01939766653255934,8,8,0,7891,7107,102369,2025
test,Test/111-4,data/raw/indoorcd_ply\Test\111-4,98838,103645,-1.192629337310791,-1.550695538520813,-0.5049840211868286,0.8175489902496338,1.483433723449707,1.0792596340179443,2.010178327560425,3.0341291427612305,1.584243655204773,0.020763182015533795,8,5,3,6593,9227,101493,2152
test,Test/111-5,data/raw/indoorcd_ply\Test\111-5,98838,128537,-1.3365068435668945,-1.555803656578064,-0.5053117275238037,0.8274336457252502,1.483433723449707,1.3477797508239746,2.1639404296875,3.0392374992370605,1.8530914783477783,0.029571251857441826,8,8,0,6560,9364,124736,3801
test,Test/119-2,data/raw/indoorcd_ply\Test\119-2,80380,79312,-0.7878038883209229,-1.3910211324691772,-0.7458989024162292,0.7229064702987671,1.4103013277053833,0.7758495211601257,1.51071035861969,2.8013224601745605,1.521748423576355,0.001147367359289893,4,4,0,12174,10920,79221,91
test,Test/119-3,data/raw/indoorcd_ply\Test\119-3,80380,72990,-0.8532593846321106,-1.3849378824234009,-0.7458989024162292,0.7229064702987671,1.4256023168563843,0.6961441040039062,1.5761659145355225,2.810540199279785,1.4420430660247803,0.012248253185367859,4,4,0,12122,10223,72096,894
test,Test/119-4,data/raw/indoorcd_ply\Test\119-4,80380,77498,-0.8238259553909302,-1.3849378824234009,-0.7458989024162292,0.7229064702987671,1.4163706302642822,0.6961441040039062,1.5467324256896973,2.8013086318969727,1.4420430660247803,0.030439495212779683,4,4,0,12122,10066,75139,2359
test,Test/119-5,data/raw/indoorcd_ply\Test\119-5,80380,77915,-0.8711191415786743,-1.3849378824234009,-0.7458989024162292,0.7229064702987671,1.4103013277053833,0.7191339135169983,1.5940256118774414,2.795239210128784,1.4650328159332275,0.044676891484309825,4,4,0,12122,10037,74434,3481
test,Test/120-2,data/raw/indoorcd_ply\Test\120-2,108883,135597,-1.4280611276626587,-1.481024146080017,-1.3793288469314575,0.8952368497848511,1.385578989982605,1.6670045852661133,2.3232979774475098,2.866603136062622,3.0463333129882812,0.006747936901258878,12,10,2,8908,10876,134682,915
test,Test/120-3,data/raw/indoorcd_ply\Test\120-3,108883,131968,-1.334151268005371,-1.481024146080017,-1.486131191253662,0.8952368497848511,1.362278938293457,1.4810541868209839,2.2293882369995117,2.8433032035827637,2.9671854972839355,0.01212415130940834,11,10,1,7535,10486,130368,1600
test,Test/120-4,data/raw/indoorcd_ply\Test\120-4,108883,151067,-1.3610435724258423,-1.481024146080017,-1.364558219909668,1.6449049711227417,1.3909058570861816,1.63620924949646,3.005948543548584,2.8719301223754883,3.000767469406128,0.02038168494773842,12,9,3,8588,18183,147988,3079
test,Test/120-5,data/raw/indoorcd_ply\Test\120-5,108883,138057,-1.5782567262649536,-1.481024146080017,-1.2061882019042969,0.8968087434768677,1.3699473142623901,1.676888346672058,2.4750654697418213,2.8509714603424072,2.8830766677856445,0.037202025250440036,11,10,1,8557,12646,132921,5136
test,Test/123-2,data/raw/indoorcd_ply\Test\123-2,61615,63033,-1.060492992401123,-1.3641942739486694,-2.554954767227173,0.6271035075187683,0.9523560404777527,-1.3657172918319702,1.6875965595245361,2.3165502548217773,1.1892374753952026,0.00012691764631224913,3,2,1,30798,31173,63025,8
test,Test/123-3,data/raw/indoorcd_ply\Test\123-3,61615,64559,-1.060492992401123,-1.3641942739486694,-2.554954767227173,0.6279869675636292,1.0037868022918701,-1.4593192338943481,1.6884799003601074,2.36798095703125,1.0956355333328247,0.0048018091977880695,4,2,2,30798,32161,64249,310
test,Test/123-4,data/raw/indoorcd_ply\Test\123-4,61615,65472,-1.060492992401123,-1.3641942739486694,-2.554954767227173,0.6271035075187683,0.9523560404777527,-1.3439403772354126,1.6875965595245361,2.3165502548217773,1.2110143899917603,0.01386852394916911,4,2,2,30798,32018,64564,908
test,Test/123-5,data/raw/indoorcd_ply\Test\123-5,61615,65641,-1.060492992401123,-1.3663712739944458,-2.554954767227173,0.6271035075187683,0.9523560404777527,-1.2599843740463257,1.6875965595245361,2.3187272548675537,1.2949703931808472,0.015112505903322618,4,2,2,30798,31306,64649,992
test,Test/147-2,data/raw/indoorcd_ply\Test\147-2,88061,96198,-1.0710463523864746,-1.1734743118286133,-1.03995680809021,1.2651753425598145,1.710309386253357,1.070915699005127,2.336221694946289,2.8837838172912598,2.110872507095337,0.013981579658620761,7,4,3,15358,20058,94853,1345
test,Test/147-3,data/raw/indoorcd_ply\Test\147-3,88061,128184,-1.3425016403198242,-1.1734743118286133,-1.03995680809021,1.2651753425598145,1.70786714553833,1.2329668998718262,2.6076769828796387,2.8813414573669434,2.272923707962036,0.01418273731510953,12,7,5,7890,8948,126366,1818
test,Test/147-4,data/raw/indoorcd_ply\Test\147-4,88061,106705,-1.0710463523864746,-1.1734743118286133,-1.03995680809021,1.2651753425598145,1.6505405902862549,1.1258430480957031,2.336221694946289,2.824014902114868,2.165799856185913,0.0372334942130172,8,4,4,15358,22816,102732,3973
test,Test/147-5,data/raw/indoorcd_ply\Test\147-5,88061,120078,-1.1187340021133423,-1.1734743118286133,-1.03995680809021,1.2651753425598145,1.7012273073196411,1.1350135803222656,2.383909225463867,2.874701499938965,2.1749703884124756,0.016930661736537917,8,4,4,15234,24955,118045,2033
test,Test/148-2,data/raw/indoorcd_ply\Test\148-2,93364,67936,-1.8602609634399414,-1.332720398902893,-0.6241105794906616,0.8918194770812988,1.4749424457550049,0.6906384229660034,2.7520804405212402,2.8076629638671875,1.314749002456665,0.0008684644371172868,7,4,3,18972,13584,67877,59
test,Test/148-3,data/raw/indoorcd_ply\Test\148-3,93364,83320,-1.8602609634399414,-1.332720398902893,-0.6241105794906616,0.8675647377967834,1.5067074298858643,0.6906384229660034,2.72782564163208,2.839427947998047,1.314749002456665,0.0006481036965914547,7,5,2,10360,11266,83266,54
test,Test/148-4,data/raw/indoorcd_ply\Test\148-4,93364,85977,-1.8602609634399414,-1.332720398902893,-0.6478972434997559,0.8689526915550232,1.4900213479995728,0.6906384229660034,2.7292137145996094,2.822741746902466,1.3385356664657593,0.013096525815043558,7,5,2,10277,10748,84851,1126
test,Test/148-5,data/raw/indoorcd_ply\Test\148-5,93364,77488,-1.8602609634399414,-1.332720398902893,-0.6241105794906616,0.8605137467384338,1.3620575666427612,0.6906384229660034,2.7207746505737305,2.6947779655456543,1.314749002456665,0.01939655172413793,7,4,3,18972,16204,75985,1503
test,Test/151-2,data/raw/indoorcd_ply\Test\151-2,123745,122190,-1.0602939128875732,-1.4236093759536743,-0.9505115151405334,1.1957753896713257,1.4355429410934448,1.0035442113876343,2.2560691833496094,2.859152317047119,1.9540557861328125,0.01949423029707832,6,4,2,23453,22029,119808,2382
test,Test/151-3,data/raw/indoorcd_ply\Test\151-3,123745,137120,-1.0902246236801147,-1.4387961626052856,-1.0207641124725342,1.3245056867599487,1.4111018180847168,1.466715693473816,2.4147303104400635,2.849897861480713,2.4874796867370605,0.0006709451575262544,9,5,4,18231,24263,137028,92
test,Test/151-4,data/raw/indoorcd_ply\Test\151-4,123745,131710,-1.0602939128875732,-1.4308180809020996,-0.9505115151405334,1.350894570350647,1.4230246543884277,1.186017394065857,2.4111886024475098,2.8538427352905273,2.136528968811035,0.0027560549692506263,9,5,4,16445,23461,131347,363
test,Test/151-5,data/raw/indoorcd_ply\Test\151-5,123745,137748,-1.0602939128875732,-1.4351871013641357,-0.9505115151405334,1.1957753896713257,1.4111018180847168,1.0248031616210938,2.2560691833496094,2.8462889194488525,1.9753146171569824,0.01979702064639777,7,4,3,23552,26998,135021,2727
test,Test/152-2,data/raw/indoorcd_ply\Test\152-2,90062,101060,-0.8158950805664062,-1.4069099426269531,-0.6911931037902832,0.7301280498504639,1.3928979635238647,1.0440667867660522,1.5460231304168701,2.7998080253601074,1.7352598905563354,0.0056105283989709084,4,4,0,16420,19843,100493,567
test,Test/152-3,data/raw/indoorcd_ply\Test\152-3,90062,104503,-0.7563674449920654,-1.4069099426269531,-0.6911931037902832,0.7301280498504639,1.3928979635238647,1.2296297550201416,1.4864954948425293,2.7998080253601074,1.9208228588104248,0.007186396562778102,4,4,0,16420,19496,103752,751
test,Test/152-4,data/raw/indoorcd_ply\Test\152-4,90062,96662,-0.755264163017273,-1.4069099426269531,-0.6972212195396423,0.7301280498504639,1.3928979635238647,0.9243012070655823,1.4853922128677368,2.7998080253601074,1.6215224266052246,0.01764912788893257,4,4,0,16490,18021,94956,1706
test,Test/152-5,data/raw/indoorcd_ply\Test\152-5,90062,104491,-0.760657012462616,-1.4240256547927856,-0.6986804604530334,0.7301280498504639,1.400070309638977,1.074729084968567,1.4907851219177246,2.8240959644317627,1.7734096050262451,0.026461609133801,4,4,0,16671,20073,101726,2765
test,Test/153-4,data/raw/indoorcd_ply\Test\153-4,64243,78009,-0.7467309832572937,-1.195165991783142,-0.9759158492088318,0.8119713068008423,1.360769510269165,1.329118251800537,1.5587022304534912,2.5559353828430176,2.3050341606140137,0.00962709430963094,5,4,1,10678,15944,77258,751
test,Test/153-5,data/raw/indoorcd_ply\Test\153-5,64243,95462,-0.7467309832572937,-1.195165991783142,-0.9674835801124573,0.998942494392395,1.3475481271743774,1.2658559083938599,1.745673418045044,2.5427141189575195,2.233339548110962,0.03269363725880455,6,4,2,10582,16586,92341,3121
test,Test/175-2,data/raw/indoorcd_ply\Test\175-2,59382,64969,-0.5923275947570801,-1.4609084129333496,-0.7533801198005676,0.7922722697257996,1.49117112159729,0.8208364844322205,1.3845999240875244,2.9520795345306396,1.574216604232788,0.0062491342024657915,4,4,0,10591,12074,64563,406
test,Test/175-3,data/raw/indoorcd_ply\Test\175-3,59382,73915,-0.5866724252700806,-1.4353559017181396,-0.794100821018219,0.8183227777481079,1.4244798421859741,0.9498345255851746,1.4049952030181885,2.859835624694824,1.7439353466033936,0.007873909220050058,4,4,0,10626,14096,73333,582
test,Test/175-4,data/raw/indoorcd_ply\Test\175-4,59382,75156,-0.6000047922134399,-1.4382818937301636,-0.771485447883606,0.9387568831443787,1.4208978414535522,0.7481898665428162,1.5387616157531738,2.859179735183716,1.5196752548217773,0.0440816435148225,4,4,0,10531,12901,71843,3313
test,Test/177-2,data/raw/indoorcd_ply\Test\177-2,32436,31712,-0.3504660725593567,-1.1382242441177368,-0.6323354244232178,0.36898496747016907,1.150986671447754,0.638080358505249,0.7194510698318481,2.289210796356201,1.2704157829284668,0.0018289606458123109,4,2,2,15629,15823,31654,58
test,Test/177-3,data/raw/indoorcd_ply\Test\177-3,32436,37060,-0.350679486989975,-1.145205020904541,-0.7150487899780273,0.4946957528591156,1.1696603298187256,0.638080358505249,0.8453752398490906,2.3148653507232666,1.3531291484832764,0.005639503507825149,4,2,2,15181,18495,36851,209
test,Test/177-4,data/raw/indoorcd_ply\Test\177-4,32436,39860,-0.3587827980518341,-1.1535807847976685,-0.6323354244232178,0.424246221780777,1.1418651342391968,0.638080358505249,0.7830290198326111,2.2954459190368652,1.2704157829284668,0.004139488208730557,4,3,1,5639,6602,39695,165
test,Test/177-5,data/raw/indoorcd_ply\Test\177-5,32436,43632,-0.45944055914878845,-1.3154678344726562,-0.8921024203300476,0.4826546609401703,1.1418651342391968,0.638080358505249,0.9420952200889587,2.4573330879211426,1.5301828384399414,0.00792995966263293,4,4,0,5468,8307,43286,346
test,Test/190-2,data/raw/indoorcd_ply\Test\190-2,189149,247839,-2.1173391342163086,-1.2364442348480225,-0.9601631760597229,3.396771192550659,1.368072509765625,1.26740300655365,5.514110565185547,2.6045167446136475,2.2275662422180176,0.00548339849660465,14,10,4,15927,20979,246480,1359
test,Test/190-3,data/raw/indoorcd_ply\Test\190-3,189149,227398,-2.120331048965454,-1.2364442348480225,-0.9638223052024841,2.787303924560547,1.368072509765625,1.2420833110809326,4.907634735107422,2.6045167446136475,2.2059056758880615,0.013553329404832056,13,10,3,15978,17821,224316,3082
test,Test/190-4,data/raw/indoorcd_ply\Test\190-4,189149,300589,-2.16133189201355,-1.2501835823059082,-0.946167528629303,3.4678618907928467,1.368072509765625,1.6832457780838013,5.6291937828063965,2.618256092071533,2.629413366317749,0.19081536583175032,15,10,5,15220,21652,243232,57357
test,Test/190-5,data/raw/indoorcd_ply\Test\190-5,189149,263213,-2.1217050552368164,-1.2364442348480225,-0.9323137402534485,3.307856559753418,1.368072509765625,2.2269504070281982,5.429561614990234,2.6045167446136475,3.159264087677002,0.20347779175040748,17,10,7,15216,18444,209655,53558
test,Test/191-2,data/raw/indoorcd_ply\Test\191-2,100984,95762,-0.7280515432357788,-1.414446473121643,-0.6425906419754028,0.7108955979347229,1.4309742450714111,0.872162401676178,1.4389472007751465,2.8454208374023438,1.5147531032562256,0.0030492262066372884,4,4,0,17996,16546,95470,292
test,Test/191-3,data/raw/indoorcd_ply\Test\191-3,100984,108006,-0.7590138912200928,-1.4142824411392212,-0.6648889183998108,0.7146393656730652,1.4400686025619507,1.0168395042419434,1.4736533164978027,2.854351043701172,1.6817283630371094,0.0009721682128770624,4,4,0,18289,19738,107901,105
test,Test/191-4,data/raw/indoorcd_ply\Test\191-4,100984,103067,-0.739611029624939,-1.4142824411392212,-0.6411353945732117,0.7071417570114136,1.4309742450714111,1.086099624633789,1.4467527866363525,2.845256805419922,1.7272350788116455,0.011031659017920381,4,4,0,17982,18761,101930,1137
test,Test/191-5,data/raw/indoorcd_ply\Test\191-5,100984,119644,-0.8431849479675293,-1.4453896284103394,-0.6426994204521179,0.7071417570114136,1.4309742450714111,1.1723926067352295,1.5503267049789429,2.876363754272461,1.8150920867919922,0.00503995185717629,4,4,0,18305,23565,119041,603
test,Test/196-2,data/raw/indoorcd_ply\Test\196-2,72930,70429,-0.7535839676856995,-1.5390374660491943,-0.657901406288147,0.8184417486190796,1.5480738878250122,0.7485833168029785,1.5720257759094238,3.087111473083496,1.4064847230911255,0.0,4,4,0,15250,13539,70429,0
test,Test/196-3,data/raw/indoorcd_ply\Test\196-3,72930,82325,-0.7646915316581726,-1.5193519592285156,-0.651735246181488,0.8184417486190796,1.550366759300232,0.92289799451828,1.5831332206726074,3.069718837738037,1.574633240699768,0.026832675372001215,4,4,0,15094,16734,80116,2209
test,Test/196-4,data/raw/indoorcd_ply\Test\196-4,72930,88711,-0.7495551705360413,-1.5430526733398438,-0.651735246181488,1.2443114519119263,1.5291541814804077,0.8428434133529663,1.9938666820526123,3.072206974029541,1.4945785999298096,0.03459548421278083,4,4,0,15250,18672,85642,3069
test,Test/196-5,data/raw/indoorcd_ply\Test\196-5,72930,108126,-0.7565370202064514,-1.5352697372436523,-0.651735246181488,1.0713361501693726,1.5320758819580078,1.099622368812561,1.8278732299804688,3.06734561920166,1.7513575553894043,0.058727780552318594,4,4,0,15199,23296,101776,6350
test,Test/197-2,data/raw/indoorcd_ply\Test\197-2,84211,106467,-0.9629870057106018,-1.3814783096313477,-0.7360738515853882,1.7885537147521973,1.4225387573242188,0.8990992903709412,2.7515406608581543,2.8040170669555664,1.6351730823516846,0.00025359970695144977,7,4,3,12002,17626,106440,27
test,Test/197-3,data/raw/indoorcd_ply\Test\197-3,84211,98673,-0.9456038475036621,-1.3814783096313477,-0.6505504846572876,1.1951364278793335,1.393164038658142,0.7306250929832458,2.140740394592285,2.7746424674987793,1.3811755180358887,0.002675503937247271,6,4,2,10795,15785,98409,264
test,Test/197-4,data/raw/indoorcd_ply\Test\197-4,84211,96762,-0.9577093720436096,-1.3814783096313477,-0.6644332408905029,1.0966486930847168,1.3906376361846924,0.8281198740005493,2.0543580055236816,2.77211594581604,1.4925531148910522,0.010448316487877472,6,4,2,10954,15546,95751,1011
test,Test/197-5,data/raw/indoorcd_ply\Test\197-5,84211,122736,-0.9549771547317505,-1.3814783096313477,-0.6492308974266052,1.391067385673523,1.419887661933899,1.0151655673980713,2.3460445404052734,2.801365852355957,1.6643965244293213,0.013850866901316648,6,4,2,10783,22132,121036,1700
test,Test/198-3,data/raw/indoorcd_ply\Test\198-3,154296,145453,-1.1133452653884888,-1.3496843576431274,-1.2838417291641235,1.167453646659851,1.4723151922225952,1.8454533815383911,2.28079891204834,2.8219995498657227,3.1292951107025146,0.07274514791719662,11,8,3,12322,12837,134872,10581
test,Test/198-4,data/raw/indoorcd_ply\Test\198-4,154296,168268,-1.1133452653884888,-1.3832511901855469,-2.121005058288574,1.167453646659851,1.4694745540618896,1.7663006782531738,2.28079891204834,2.8527257442474365,3.887305736541748,0.11057360876696698,11,11,0,8850,9430,149662,18606
test,Test/198-5,data/raw/indoorcd_ply\Test\198-5,154296,158800,-1.1133452653884888,-1.3669873476028442,-1.2838417291641235,1.185009241104126,1.4533755779266357,1.8599780797958374,2.2983546257019043,2.8203630447387695,3.143819808959961,0.13913727959697733,13,9,4,10474,10668,136705,22095
test,Test/212-2,data/raw/indoorcd_ply\Test\212-2,90684,105923,-1.0318375825881958,-1.3487235307693481,-0.8409503698348999,1.8109841346740723,1.3477298021316528,1.2755306959152222,2.8428215980529785,2.696453332901001,2.116481065750122,0.01153668230695883,8,4,4,19850,25632,104701,1222
test,Test/212-3,data/raw/indoorcd_ply\Test\212-3,90684,95165,-1.0408657789230347,-1.3487858772277832,-0.8325293064117432,1.1343994140625,1.3119677305221558,1.0930638313293457,2.175265312194824,2.6607537269592285,1.9255931377410889,0.0008406451951873062,7,4,3,19770,22130,95085,80
test,Test/212-4,data/raw/indoorcd_ply\Test\212-4,90684,106793,-1.0196614265441895,-1.3562588691711426,-0.8644059896469116,1.2078834772109985,1.3433451652526855,1.173574686050415,2.2275447845458984,2.699604034423828,2.037980556488037,0.002369069133744721,8,4,4,20074,25382,106540,253
test,Test/212-5,data/raw/indoorcd_ply\Test\212-5,90684,107886,-1.0184279680252075,-1.3547587394714355,-0.8580847978591919,1.158941388130188,1.3461135625839233,1.271730661392212,2.1773693561553955,2.7008724212646484,2.1298155784606934,0.013671838792799807,7,4,3,20031,27523,106411,1475
test,Test/216-2,data/raw/indoorcd_ply\Test\216-2,65695,64436,-0.721553385257721,-1.368869662284851,-0.6465989947319031,0.8041824102401733,1.3560160398483276,0.8180602788925171,1.525735855102539,2.7248857021331787,1.4646592140197754,0.002529641815134397,4,4,0,10160,10595,64273,163
test,Test/216-3,data/raw/indoorcd_ply\Test\216-3,65695,61493,-0.721553385257721,-1.3699123859405518,-0.6509388089179993,0.8041824102401733,1.3744113445281982,0.8180602788925171,1.525735855102539,2.74432373046875,1.4689991474151611,0.0021140617631275104,4,3,1,16929,17026,61363,130
test,Test/216-4,data/raw/indoorcd_ply\Test\216-4,65695,65652,-0.721553385257721,-1.368869662284851,-0.6473910808563232,0.8041824102401733,1.3560160398483276,0.8180602788925171,1.525735855102539,2.7248857021331787,1.4654513597488403,0.001127155303722659,4,4,0,10160,11894,65578,74
test,Test/216-5,data/raw/indoorcd_ply\Test\216-5,65695,66564,-0.7265226244926453,-1.368869662284851,-0.6534191966056824,0.8041824102401733,1.3679274320602417,0.8180602788925171,1.5307049751281738,2.7367970943450928,1.4714794158935547,0.003290066702722192,4,4,0,10160,11901,66345,219
test,Test/218-2,data/raw/indoorcd_ply\Test\218-2,93037,102267,-1.6093631982803345,-1.7495803833007812,-0.5109812021255493,1.4869778156280518,1.5856914520263672,0.6085514426231384,3.096341133117676,3.3352718353271484,1.119532585144043,0.0013005172734117554,6,4,2,21901,23054,102134,133
test,Test/218-3,data/raw/indoorcd_ply\Test\218-3,93037,106132,-1.5474759340286255,-1.769555926322937,-0.5109812021255493,1.35148024559021,1.5856914520263672,0.7633783221244812,2.898956298828125,3.3552474975585938,1.2743594646453857,0.004447292051407681,8,5,3,14985,15565,105660,472
test,Test/218-4,data/raw/indoorcd_ply\Test\218-4,93037,98642,-1.4243534803390503,-1.7535945177078247,-0.5109812021255493,1.35148024559021,1.5856914520263672,0.6419752836227417,2.7758336067199707,3.3392858505249023,1.152956485748291,0.008373715050384218,8,5,3,11907,11164,97816,826
test,Test/218-5,data/raw/indoorcd_ply\Test\218-5,93037,115100,-1.692055106163025,-1.7599804401397705,-0.5541610717773438,1.35148024559021,1.6651004552841187,0.6315610408782959,3.0435352325439453,3.4250807762145996,1.1857221126556396,0.013475238922675934,8,4,4,22051,26150,113549,1551
test,Test/221-2,data/raw/indoorcd_ply\Test\221-2,87244,111491,-1.5798043012619019,-1.7363954782485962,-0.7839188575744629,1.6384600400924683,1.637353539466858,0.846030592918396,3.21826434135437,3.373749017715454,1.6299494504928589,0.0005022826954642079,6,6,0,11133,18812,111435,56
test,Test/221-3,data/raw/indoorcd_ply\Test\221-3,87244,128784,-1.6936790943145752,-1.7043143510818481,-0.774179220199585,1.9408231973648071,1.6732239723205566,0.8588594198226929,3.634502410888672,3.3775382041931152,1.6330386400222778,0.0018325257795999503,6,6,0,10843,24340,128548,236
test,Test/221-4,data/raw/indoorcd_ply\Test\221-4,87244,116915,-1.6392587423324585,-1.6920826435089111,-0.7856168746948242,1.791164755821228,1.6623061895370483,0.8551990389823914,3.4304234981536865,3.35438871383667,1.6408159732818604,0.006466236154471197,6,6,0,10729,20116,116159,756
test,Test/221-5,data/raw/indoorcd_ply\Test\221-5,87244,133951,-1.6971806287765503,-1.718395471572876,-0.7731516361236572,1.614354133605957,1.6553295850753784,1.0306596755981445,3.311534881591797,3.373724937438965,1.8038113117218018,0.008883845585325978,7,6,1,10972,22532,132761,1190
test,Test/222-2,data/raw/indoorcd_ply\Test\222-2,89790,127534,-1.9778152704238892,-1.6530576944351196,-0.8792302012443542,1.9179435968399048,1.7041643857955933,1.0713791847229004,3.895758867263794,3.357222080230713,1.9506094455718994,0.0011526338074552668,6,6,0,14564,20885,127387,147
test,Test/222-3,data/raw/indoorcd_ply\Test\222-3,89790,127307,-1.5560606718063354,-1.6513831615447998,-0.8881866931915283,1.704214334487915,1.6922131776809692,0.9636259078979492,3.260274887084961,3.3435964584350586,1.8518126010894775,0.0015081653012010336,6,6,0,12644,21004,127115,192
test,Test/222-4,data/raw/indoorcd_ply\Test\222-4,89790,140889,-1.9705027341842651,-1.6587166786193848,-0.8792302012443542,1.924007773399353,1.6883846521377563,0.9720214605331421,3.894510507583618,3.3471012115478516,1.8512516021728516,0.00743138215190682,6,6,0,14609,25764,139842,1047
test,Test/222-5,data/raw/indoorcd_ply\Test\222-5,89790,150757,-1.9508874416351318,-1.6881543397903442,-0.8886271715164185,2.1376469135284424,1.6902978420257568,1.280860185623169,4.088534355163574,3.3784523010253906,2.169487476348877,0.0055984133406740645,11,6,5,14860,26981,149913,844
test,Test/227-2,data/raw/indoorcd_ply\Test\227-2,51785,44010,-0.8629639148712158,-0.963695764541626,-0.6250664591789246,1.040464997291565,1.0126612186431885,0.6513804793357849,1.9034289121627808,1.9763569831848145,1.2764469385147095,0.0207225630538514,2,2,0,25892,22005,43098,912
test,Test/227-3,data/raw/indoorcd_ply\Test\227-3,51785,59427,-0.9713439345359802,-0.9591315984725952,-0.6296398639678955,1.040464997291565,1.1434831619262695,1.2832318544387817,2.0118088722229004,2.1026148796081543,1.9128717184066772,0.06571087216248507,4,2,2,25890,29466,55522,3905
test,Test/227-4,data/raw/indoorcd_ply\Test\227-4,51785,75930,-0.924102783203125,-0.9750424027442932,-0.6408589482307434,1.3576191663742065,1.398388147354126,1.2148526906967163,2.281722068786621,2.3734304904937744,1.8557116985321045,0.08913472935598578,4,2,2,25892,35217,69162,6768
test,Test/227-5,data/raw/indoorcd_ply\Test\227-5,51785,78595,-0.908219575881958,-0.9591315984725952,-0.6151621341705322,1.040464997291565,1.7693753242492676,1.221559762954712,1.948684573173523,2.7285070419311523,1.8367218971252441,0.13444875628220626,4,2,2,25892,33255,68028,10567
train,Train/001-2,data/raw/indoorcd_ply\Train\001-2,62988,69396,-0.7174181938171387,-1.47752845287323,-0.762065052986145,0.6391881704330444,1.4625314474105835,0.8225725293159485,1.356606364250183,2.9400599002838135,1.5846376419067383,0.0,4,4,0,11612,13561,69396,0
train,Train/001-3,data/raw/indoorcd_ply\Train\001-3,62988,84342,-0.9044574499130249,-1.4926306009292603,-0.8152768611907959,0.6395202279090881,1.4625314474105835,0.9220982193946838,1.5439777374267578,2.9551620483398438,1.737375020980835,0.011097673756847122,4,4,0,12019,16885,83406,936
train,Train/001-4,data/raw/indoorcd_ply\Train\001-4,62988,87438,-1.0776127576828003,-1.5024404525756836,-1.2981194257736206,0.64182049036026,1.4625314474105835,0.8132794499397278,1.719433307647705,2.9649720191955566,2.111398935317993,0.049623733388229375,6,4,2,15025,18814,83099,4339
train,Train/001-5,data/raw/indoorcd_ply\Train\001-5,62988,86394,-0.9294372797012329,-1.4805145263671875,-0.8978177905082703,0.6391881704330444,1.4625314474105835,0.8202692866325378,1.5686254501342773,2.9430460929870605,1.718087077140808,0.05324443827117624,4,4,0,12399,17018,81794,4600
train,Train/002-2,data/raw/indoorcd_ply\Train\002-2,86815,86492,-0.9872041940689087,-1.3934062719345093,-0.5295159816741943,0.9208694696426392,1.3874402046203613,0.8242250084877014,1.9080736637115479,2.78084659576416,1.353740930557251,0.0056652638394302365,4,3,1,23080,21201,86002,490
train,Train/002-3,data/raw/indoorcd_ply\Train\002-3,86815,86185,-0.9326120018959045,-1.3924418687820435,-0.5227440595626831,0.9208694696426392,1.3874402046203613,0.7751538157463074,1.8534815311431885,2.7798819541931152,1.2978978157043457,0.0039217961362186,4,3,1,23088,22353,85847,338
train,Train/003-2,data/raw/indoorcd_ply\Train\003-2,85628,73239,-1.0749982595443726,-1.3969991207122803,-0.5719640254974365,1.0486525297164917,1.3913012742996216,1.0464857816696167,2.1236507892608643,2.7883005142211914,1.6184498071670532,0.01242507407255697,5,3,2,19892,15605,72329,910
train,Train/003-3,data/raw/indoorcd_ply\Train\003-3,85628,82269,-1.1757707595825195,-1.3969991207122803,-0.5719640254974365,1.0486525297164917,1.3913012742996216,1.2810629606246948,2.224423408508301,2.7883005142211914,1.8530269861221313,0.0034642453415016593,6,5,1,5082,8357,81984,285
train,Train/003-4,data/raw/indoorcd_ply\Train\003-4,85628,91807,-1.220942497253418,-1.3969991207122803,-0.5719640254974365,1.1677263975143433,1.3913012742996216,1.0464857816696167,2.388669013977051,2.7883005142211914,1.6184498071670532,0.0021131286285359504,6,6,0,2944,4339,91613,194
train,Train/003-5,data/raw/indoorcd_ply\Train\003-5,85628,81541,-1.2982372045516968,-1.3969991207122803,-0.5719640254974365,1.1342320442199707,1.3966706991195679,1.0464857816696167,2.432469367980957,2.7936697006225586,1.6184498071670532,0.01167510822776272,6,6,0,3044,3706,80589,952
train,Train/004-2,data/raw/indoorcd_ply\Train\004-2,180795,212675,-1.9032121896743774,-1.5412639379501343,-1.1348520517349243,1.5300793647766113,1.526913046836853,1.3784044981002808,3.433291435241699,3.0681769847869873,2.513256549835205,0.0,12,9,3,19973,21234,212675,0
train,Train/004-3,data/raw/indoorcd_ply\Train\004-3,180795,195924,-1.588762879371643,-1.5350831747055054,-1.1348520517349243,1.5632869005203247,1.5196727514266968,1.527011513710022,3.1520497798919678,3.054755926132202,2.6618635654449463,0.007155835936383496,12,9,3,19032,19270,194522,1402
train,Train/004-4,data/raw/indoorcd_ply\Train\004-4,180795,253440,-3.793278932571411,-1.5350831747055054,-1.1348520517349243,1.7116990089416504,1.5196727514266968,2.297618865966797,5.504978179931641,3.054755926132202,3.4324707984924316,0.02647964015151515,16,9,7,19564,20989,246729,6711
train,Train/005-2,data/raw/indoorcd_ply\Train\005-2,163265,167856,-1.2703078985214233,-1.4498451948165894,-0.9008714556694031,1.2639621496200562,1.4215346574783325,1.0724232196807861,2.5342700481414795,2.871379852294922,1.973294734954834,0.009597512153274234,8,8,0,15180,14631,166245,1611
train,Train/005-3,data/raw/indoorcd_ply\Train\005-3,163265,190224,-1.29105544090271,-1.4403382539749146,-0.8899089097976685,1.2672351598739624,1.4278349876403809,1.341668725013733,2.558290481567383,2.868173122406006,2.2315776348114014,0.0011880730086634705,10,8,2,15141,19162,189998,226
train,Train/007-3,data/raw/indoorcd_ply\Train\007-3,93393,95228,-0.6826636791229248,-1.3946328163146973,-1.160273790359497,2.265505075454712,1.4490652084350586,1.0924824476242065,2.9481687545776367,2.843698024749756,2.252756118774414,0.0013966480446927375,9,7,2,10793,13299,95095,133
train,Train/007-4,data/raw/indoorcd_ply\Train\007-4,93393,92107,-0.7025333046913147,-1.3985731601715088,-0.8806185722351074,1.8947997093200684,1.4490652084350586,1.0924824476242065,2.5973329544067383,2.8476383686065674,1.973101019859314,0.022571574364597696,8,7,1,5649,9659,90028,2079
train,Train/007-5,data/raw/indoorcd_ply\Train\007-5,93393,103855,-0.7462397813796997,-1.3943846225738525,-0.8331441283226013,1.8308799266815186,1.4490652084350586,1.150824785232544,2.577119827270508,2.843449831008911,1.98396897315979,0.01694670453998363,8,7,1,6376,11714,102095,1760
train,Train/010-3,data/raw/indoorcd_ply\Train\010-3,65984,79510,-0.8259409070014954,-1.393622636795044,-0.756362795829773,0.8612959384918213,1.3888810873031616,0.9742415547370911,1.6872367858886719,2.782503604888916,1.7306044101715088,0.0029052949314551627,4,4,0,15180,19331,79279,231
train,Train/010-4,data/raw/indoorcd_ply\Train\010-4,65984,77691,-0.7943798899650574,-1.395300030708313,-0.7598456144332886,0.9108682870864868,1.3872989416122437,0.898762583732605,1.7052481174468994,2.7825989723205566,1.6586081981658936,0.0060367352717818025,4,4,0,15273,18985,77222,469
train,Train/010-5,data/raw/indoorcd_ply\Train\010-5,65984,74252,-0.8411083221435547,-1.3982621431350708,-0.7701987624168396,0.8022194504737854,1.3872989416122437,0.9387378692626953,1.6433277130126953,2.7855610847473145,1.7089366912841797,0.0163497279534558,4,4,0,15548,18068,73038,1214
train,Train/011-2,data/raw/indoorcd_ply\Train\011-2,136250,154084,-1.7966418266296387,-1.2680168151855469,-0.8998284339904785,1.7072372436523438,1.3361263275146484,1.6121777296066284,3.5038790702819824,2.6041431427001953,2.5120062828063965,0.0005905869525713247,10,7,3,17869,20174,153993,91
train,Train/011-3,data/raw/indoorcd_ply\Train\011-3,136250,170696,-1.9460506439208984,-1.2760642766952515,-0.9364659190177917,1.6882997751235962,1.322713851928711,1.3097703456878662,3.634350299835205,2.598778247833252,2.2462363243103027,0.02509139054225055,10,7,3,19566,19561,166413,4283
train,Train/011-4,data/raw/indoorcd_ply\Train\011-4,136250,150839,-1.7966418266296387,-1.2680168151855469,-0.8913497924804688,1.6838481426239014,1.3158921003341675,1.1359697580337524,3.48048996925354,2.583909034729004,2.0273194313049316,0.007657170890817361,9,7,2,17496,18441,149684,1155
train,Train/011-5,data/raw/indoorcd_ply\Train\011-5,136250,158747,-1.960845708847046,-1.2987288236618042,-0.9922300577163696,1.733336329460144,1.3971997499465942,1.1504632234573364,3.6941819190979004,2.6959285736083984,2.142693281173706,0.040492103787788114,10,7,3,19260,18079,152319,6428
train,Train/012-2,data/raw/indoorcd_ply\Train\012-2,55957,57590,-2.347043514251709,-1.2885963916778564,-0.3538452386856079,-0.7236500978469849,1.6511441469192505,1.0579060316085815,1.6233934164047241,2.9397406578063965,1.4117512702941895,0.0036985587775655495,3,3,0,14020,16303,57377,213
train,Train/012-3,data/raw/indoorcd_ply\Train\012-3,55957,68922,-2.3887264728546143,-1.2885963916778564,-0.4438602328300476,-0.7236500978469849,1.610683560371399,1.143953561782837,1.6650763750076294,2.899280071258545,1.5878138542175293,0.029627695075592698,4,3,1,14020,19677,66880,2042
train,Train/012-4,data/raw/indoorcd_ply\Train\012-4,55957,62683,-2.4120700359344482,-1.2885963916778564,-0.35182130336761475,-0.7236500978469849,1.6405094861984253,1.2003788948059082,1.6884199380874634,2.929105758666992,1.552200198173523,0.03418789783513872,4,3,1,14020,18244,60540,2143
train,Train/013-2,data/raw/indoorcd_ply\Train\013-2,88400,82250,-1.820783019065857,-1.365669846534729,-1.517640233039856,-0.010246598161756992,1.3573546409606934,0.729341983795166,1.8105363845825195,2.723024368286133,2.2469820976257324,0.0,5,4,1,16620,13879,82250,0
train,Train/013-3,data/raw/indoorcd_ply\Train\013-3,88400,87671,-1.820783019065857,-1.3538869619369507,-1.517640233039856,-0.003169039497151971,1.3633605241775513,0.729341983795166,1.817613959312439,2.717247486114502,2.2469820976257324,0.008474866261363507,5,4,1,16532,14849,86928,743
train,Train/013-4,data/raw/indoorcd_ply\Train\013-4,88400,85598,-1.820783019065857,-1.3521640300750732,-1.517640233039856,-0.053425125777721405,1.353318214416504,0.729341983795166,1.7673579454421997,2.705482244491577,2.2469820976257324,0.04309680132713381,5,4,1,16520,15873,81909,3689
train,Train/013-5,data/raw/indoorcd_ply\Train\013-5,88400,88054,-1.820783019065857,-1.3521640300750732,-1.517640233039856,0.06284908950328827,1.3527426719665527,0.729341983795166,1.8836320638656616,2.704906702041626,2.2469820976257324,0.03731800940332069,5,4,1,16520,14981,84768,3286
train,Train/015-2,data/raw/indoorcd_ply\Train\015-2,91889,92774,-0.8019028902053833,-1.3520901203155518,-0.9289581775665283,0.7821534276008606,1.3972291946411133,1.2960294485092163,1.5840563774108887,2.749319314956665,2.224987506866455,0.00942074288054843,5,4,1,19441,20514,91900,874
train,Train/015-3,data/raw/indoorcd_ply\Train\015-3,91889,99762,-0.9198790788650513,-1.3236584663391113,-0.9289581775665283,0.779405951499939,1.3817890882492065,1.180443286895752,1.6992850303649902,2.7054476737976074,2.1094014644622803,0.016389005833884647,6,4,2,19266,21966,98127,1635
train,Train/015-4,data/raw/indoorcd_ply\Train\015-4,91889,103081,-0.8019028902053833,-1.3238437175750732,-0.9289581775665283,0.8609222173690796,1.401793360710144,1.6190924644470215,1.662825107574463,2.7256369590759277,2.54805064201355,0.07506718017869443,5,4,1,19268,22613,95343,7738
train,Train/015-5,data/raw/indoorcd_ply\Train\015-5,91889,111156,-0.8677337169647217,-1.3336312770843506,-0.9289581775665283,0.7932591438293457,1.390561580657959,1.5900704860687256,1.6609928607940674,2.7241928577423096,2.519028663635254,0.09984166396775702,6,4,2,19321,23092,100058,11098
train,Train/016-2,data/raw/indoorcd_ply\Train\016-2,62401,97178,-3.217106342315674,-1.4780267477035522,-2.7287609577178955,1.578934669494629,1.4558016061782837,0.8275434374809265,4.796041011810303,2.933828353881836,3.556304454803467,0.007892732923089589,16,7,9,3125,7964,96411,767
train,Train/016-3,data/raw/indoorcd_ply\Train\016-3,62401,97770,-3.106611728668213,-1.4780267477035522,-2.7735953330993652,1.6480350494384766,1.4133750200271606,0.8275434374809265,4.7546467781066895,2.891401767730713,3.6011388301849365,0.002536565408612049,15,8,7,2895,5981,97522,248
train,Train/016-4,data/raw/indoorcd_ply\Train\016-4,62401,59655,-2.1840696334838867,-1.4780267477035522,-1.6890308856964111,1.3917499780654907,1.434269905090332,0.8275434374809265,3.575819492340088,2.912296772003174,2.5165743827819824,0.028178694158075602,9,5,4,6102,4977,57974,1681
train,Train/016-5,data/raw/indoorcd_ply\Train\016-5,62401,89659,-2.862295627593994,-1.50857412815094,-3.6102890968322754,1.5187937021255493,1.5069721937179565,0.8876928687095642,4.381089210510254,3.0155463218688965,4.497982025146484,0.027838811496893788,17,7,10,2189,3287,87163,2496
train,Train/021-2,data/raw/indoorcd_ply\Train\021-2,265772,252302,-1.652289628982544,-1.454779028892517,-1.2923113107681274,1.5502655506134033,1.3862988948822021,1.8721164464950562,3.2025551795959473,2.8410778045654297,3.1644277572631836,0.0,13,12,1,16946,16301,252302,0
train,Train/021-3,data/raw/indoorcd_ply\Train\021-3,265772,292306,-1.5615395307540894,-1.457826018333435,-1.2923113107681274,1.5619171857833862,1.3656381368637085,1.8721164464950562,3.1234567165374756,2.8234641551971436,3.1644277572631836,0.0169343085670496,14,12,2,16812,18759,287356,4950
train,Train/021-4,data/raw/indoorcd_ply\Train\021-4,265772,307072,-1.5753757953643799,-1.454779028892517,-1.3029162883758545,1.5510308742523193,1.3701579570770264,1.901516079902649,3.126406669616699,2.824936866760254,3.204432487487793,0.022958784910379323,14,12,2,16877,22078,300022,7050
train,Train/021-5,data/raw/indoorcd_ply\Train\021-5,265772,279917,-1.5663405656814575,-1.454779028892517,-1.2928297519683838,1.5847506523132324,1.361798882484436,1.8721164464950562,3.1510910987854004,2.816577911376953,3.1649460792541504,0.03297406016783547,13,12,1,16809,18306,270687,9230
train,Train/024-2,data/raw/indoorcd_ply\Train\024-2,75454,70504,-1.0418872833251953,-1.4832082986831665,-0.4736389219760895,1.0285322666168213,1.4797804355621338,0.9721469879150391,2.0704195499420166,2.96298885345459,1.4457858800888062,0.013956654941563599,6,4,2,13270,13042,69520,984
train,Train/024-3,data/raw/indoorcd_ply\Train\024-3,75454,76430,-1.0418872833251953,-1.488194465637207,-0.4736389219760895,1.0980775356292725,1.4974638223648071,0.9598578810691833,2.1399648189544678,2.9856581687927246,1.4334968328475952,0.01590998299097213,6,4,2,13321,13803,75214,1216
train,Train/024-4,data/raw/indoorcd_ply\Train\024-4,75454,74087,-1.0418872833251953,-1.4832082986831665,-0.4736389219760895,1.0285322666168213,1.4859461784362793,1.0360777378082275,2.0704195499420166,2.9691543579101562,1.5097166299819946,0.04690431519699812,7,4,3,13270,14682,70612,3475
train,Train/024-5,data/raw/indoorcd_ply\Train\024-5,75454,68750,-1.0418872833251953,-1.4832082986831665,-0.4736389219760895,1.0285322666168213,1.4797804355621338,0.9491700530052185,2.0704195499420166,2.96298885345459,1.4228090047836304,0.06971636363636363,6,4,2,13270,12862,63957,4793
train,Train/025-2,data/raw/indoorcd_ply\Train\025-2,13572,19840,-0.6505775451660156,-0.5680761933326721,-0.30752965807914734,0.510413646697998,0.9296073913574219,0.4340681731700897,1.1609911918640137,1.4976835250854492,0.7415978312492371,0.011693548387096775,1,1,0,13572,19840,19608,232
train,Train/025-3,data/raw/indoorcd_ply\Train\025-3,13572,26844,-0.863791823387146,-0.5740454196929932,-0.3340127170085907,0.510413646697998,1.0830551385879517,0.4230559468269348,1.374205470085144,1.6571005582809448,0.7570686340332031,0.007711220384443451,1,1,0,13572,26844,26637,207
train,Train/025-4,data/raw/indoorcd_ply\Train\025-4,13572,24520,-0.893153190612793,-0.5765984058380127,-0.34231916069984436,0.510413646697998,0.9354508519172668,0.4009692072868347,1.403566837310791,1.5120491981506348,0.7432883977890015,0.019208809135399674,1,1,0,13572,24520,24049,471
train,Train/025-5,data/raw/indoorcd_ply\Train\025-5,13572,22150,-0.8856586217880249,-0.5646217465400696,-0.32353082299232483,0.510413646697998,0.7013407349586487,0.4903334975242615,1.396072268486023,1.2659624814987183,0.8138643503189087,0.025507900677200903,1,1,0,13572,22150,21585,565
train,Train/028-3,data/raw/indoorcd_ply\Train\028-3,69941,96632,-1.7197260856628418,-1.2045867443084717,-0.6771323680877686,1.0114797353744507,1.2381151914596558,0.8616076111793518,2.731205940246582,2.442701816558838,1.5387399196624756,0.0,8,8,0,4781,6040,96632,0
train,Train/028-4,data/raw/indoorcd_ply\Train\028-4,69941,87089,-1.3611857891082764,-1.2090609073638916,-0.6313707828521729,1.0044537782669067,1.2379688024520874,1.084318995475769,2.3656396865844727,2.4470295906066895,1.715689778327942,0.034057113986841046,8,7,1,3986,4725,84123,2966
train,Train/028-5,data/raw/indoorcd_ply\Train\028-5,69941,89136,-1.3096094131469727,-1.2126082181930542,-0.6560813784599304,1.036106824874878,1.2780929803848267,1.1061513423919678,2.3457162380218506,2.490701198577881,1.762232780456543,0.04578397056183809,8,7,1,3308,4416,85055,4081
train,Train/029-2,data/raw/indoorcd_ply\Train\029-2,44460,51787,-0.7480530142784119,-1.1817715167999268,-0.7161064743995667,0.7878746390342712,1.1271909475326538,0.5653740763664246,1.535927653312683,2.308962345123291,1.2814805507659912,0.0,3,3,0,5070,7300,51787,0
train,Train/029-3,data/raw/indoorcd_ply\Train\029-3,44460,45241,-0.704742968082428,-1.1345250606536865,-0.5500140190124512,0.691491961479187,1.1271909475326538,0.5653740763664246,1.3962349891662598,2.261715888977051,1.1153881549835205,0.0033597842664839415,3,2,1,22094,22541,45089,152
train,Train/029-4,data/raw/indoorcd_ply\Train\029-4,44460,55590,-0.7434161901473999,-1.1431573629379272,-0.558502733707428,0.7824362516403198,1.1271909475326538,0.6213993430137634,1.5258524417877197,2.270348310470581,1.1799020767211914,0.010883252383522217,3,3,0,4577,7821,54985,605
train,Train/029-5,data/raw/indoorcd_ply\Train\029-5,44460,57192,-0.8022881150245667,-1.1529420614242554,-0.5853062868118286,0.8799616098403931,1.1271909475326538,0.7753151655197144,1.6822497844696045,2.280133008956909,1.360621452331543,0.01580640649041824,3,3,0,4687,6251,56288,904
train,Train/030-2,data/raw/indoorcd_ply\Train\030-2,109032,104503,-1.8855684995651245,-1.4202699661254883,-0.5915665030479431,1.5311992168426514,1.5152361392974854,0.7548200488090515,3.4167675971984863,2.9355061054229736,1.3463865518569946,0.0016171784542070562,6,6,0,13918,11938,104334,169
train,Train/030-3,data/raw/indoorcd_ply\Train\030-3,109032,121600,-2.268484354019165,-1.4074134826660156,-0.73790442943573,1.5311992168426514,1.5218099355697632,0.7548200488090515,3.7996835708618164,2.9292235374450684,1.4927244186401367,0.0015296052631578946,8,6,2,13701,15425,121414,186
train,Train/030-4,data/raw/indoorcd_ply\Train\030-4,109032,113823,-2.3209598064422607,-1.443486213684082,-0.7622390985488892,1.5311992168426514,1.570341944694519,0.9402642846107483,3.852159023284912,3.0138282775878906,1.7025034427642822,0.004568496701018248,8,6,2,13847,13818,113303,520
train,Train/030-5,data/raw/indoorcd_ply\Train\030-5,109032,139022,-2.337836265563965,-1.4153709411621094,-0.8671327829360962,1.5311992168426514,1.5385174751281738,1.033766746520996,3.869035482406616,2.953888416290283,1.9008995294570923,0.006883802563623024,8,8,0,9340,12189,138065,957
train,Train/031-2,data/raw/indoorcd_ply\Train\031-2,79353,82315,-1.0200550556182861,-1.3406736850738525,-0.6872774958610535,1.179002046585083,1.394002914428711,0.7786587476730347,2.199057102203369,2.7346765995025635,1.4659361839294434,1.2148454109214602e-05,6,4,2,14810,16455,82314,1
train,Train/031-3,data/raw/indoorcd_ply\Train\031-3,79353,79761,-1.0200550556182861,-1.3406928777694702,-0.6975045204162598,1.2677021026611328,1.3940882682800293,0.6929923295974731,2.287757158279419,2.734781265258789,1.390496850013733,0.0033224257469189203,6,5,1,3040,2107,79496,265
train,Train/031-4,data/raw/indoorcd_ply\Train\031-4,79353,90838,-1.0202805995941162,-1.3406736850738525,-0.711890459060669,1.4391497373580933,1.3959816694259644,0.7485445737838745,2.45943021774292,2.7366552352905273,1.4604350328445435,0.05775116140822123,6,6,0,2429,4168,85592,5246
train,Train/031-5,data/raw/indoorcd_ply\Train\031-5,79353,90928,-1.0213572978973389,-1.3463178873062134,-0.6788297891616821,1.3420958518981934,1.394002914428711,0.6935743689537048,2.3634531497955322,2.7403206825256348,1.3724040985107422,0.05604434277670245,7,6,1,1871,3476,85832,5096
train,Train/032-2,data/raw/indoorcd_ply\Train\032-2,104696,119953,-1.1688597202301025,-1.3815197944641113,-2.8406848907470703,1.6454168558120728,1.4568192958831787,1.581162691116333,2.814276695251465,2.83833909034729,4.421847343444824,0.007344543279451119,14,7,7,12976,15220,119072,881
train,Train/032-3,data/raw/indoorcd_ply\Train\032-3,104696,117029,-1.1380704641342163,-1.371901035308838,-2.754347324371338,2.313014268875122,1.4969842433929443,1.34867525100708,3.451084613800049,2.8688852787017822,4.103022575378418,0.0005981423407873262,14,7,7,15475,15578,116959,70
train,Train/032-4,data/raw/indoorcd_ply\Train\032-4,104696,117180,-1.058018445968628,-1.4438377618789673,-3.0233020782470703,1.2232064008712769,1.473948359489441,1.5513168573379517,2.2812247276306152,2.917786121368408,4.574618816375732,0.010658815497525174,15,4,11,22748,24405,115931,1249
train,Train/032-5,data/raw/indoorcd_ply\Train\032-5,104696,133199,-1.058018445968628,-1.4394112825393677,-2.661003828048706,1.278525471687317,1.4501097202301025,1.136396050453186,2.3365440368652344,2.8895211219787598,3.7973999977111816,0.018085721364274505,12,7,5,14986,19549,130790,2409
train,Train/033-2,data/raw/indoorcd_ply\Train\033-2,60833,65085,-1.7677515745162964,-1.418620228767395,-0.46812647581100464,1.12177312374115,1.373226523399353,0.7158650755882263,2.8895246982574463,2.791846752166748,1.183991551399231,0.00021510332641929783,5,4,1,14145,11651,65071,14
train,Train/033-3,data/raw/indoorcd_ply\Train\033-3,60833,67124,-1.864186406135559,-1.4281599521636963,-0.44521036744117737,1.12177312374115,1.4127163887023926,0.7649165391921997,2.985959529876709,2.840876340866089,1.2101268768310547,0.002160181157261188,6,4,2,14739,12001,66979,145
train,Train/033-4,data/raw/indoorcd_ply\Train\033-4,60833,79141,-2.726085662841797,-1.4114447832107544,-0.44521036744117737,1.12177312374115,1.374611258506775,0.746871292591095,3.8478589057922363,2.7860560417175293,1.1920816898345947,0.003398996727360028,6,4,2,7991,15166,78872,269
train,Train/033-5,data/raw/indoorcd_ply\Train\033-5,60833,65579,-1.7068558931350708,-1.3856306076049805,-0.44521036744117737,1.2306969165802002,1.3665426969528198,0.6981608271598816,2.9375529289245605,2.75217342376709,1.1433712244033813,0.007227923573095046,5,4,1,13638,14603,65105,474
train,Train/037-2,data/raw/indoorcd_ply\Train\037-2,122185,132550,-0.614289402961731,-1.4149415493011475,-0.9725419878959656,0.6136184930801392,1.3491321802139282,1.2708933353424072,1.2279078960418701,2.7640738487243652,2.2434353828430176,0.0035382874387023763,6,4,2,26431,29898,132081,469
train,Train/037-3,data/raw/indoorcd_ply\Train\037-3,122185,128460,-0.614289402961731,-1.4317835569381714,-0.9648775458335876,0.6020873188972473,1.3626103401184082,1.2147722244262695,1.216376781463623,2.794394016265869,2.179649829864502,0.0020473299081426124,5,4,1,26385,29198,128197,263
train,Train/037-4,data/raw/indoorcd_ply\Train\037-4,122185,120523,-0.6147549152374268,-1.425167441368103,-0.9663054943084717,0.6025439500808716,1.3541154861450195,1.007135272026062,1.2172988653182983,2.779283046722412,1.9734407663345337,0.012852318644574064,4,4,0,26391,25853,118974,1549
train,Train/037-5,data/raw/indoorcd_ply\Train\037-5,122185,124996,-0.614289402961731,-1.4238132238388062,-0.965879499912262,0.6020873188972473,1.3677678108215332,1.0890367031097412,1.216376781463623,2.791581153869629,2.0549161434173584,0.024848795161445166,5,4,1,26369,26725,121890,3106
train,Train/038-2,data/raw/indoorcd_ply\Train\038-2,100269,143771,-0.9367712140083313,-1.5320600271224976,-1.1213765144348145,2.5331900119781494,1.5136460065841675,6.294342041015625,3.469961166381836,3.045706033706665,7.4157185554504395,0.0010641923614637166,10,6,4,15076,15807,143618,153
train,Train/038-3,data/raw/indoorcd_ply\Train\038-3,100269,115067,-0.9367712140083313,-1.3113278150558472,-1.1076974868774414,0.9932473301887512,1.5113239288330078,1.41362464427948,1.9300185441970825,2.8226518630981445,2.521322250366211,0.00033893296948734215,6,6,0,13148,17409,115028,39
train,Train/038-4,data/raw/indoorcd_ply\Train\038-4,100269,117084,-1.0322200059890747,-1.3113278150558472,-1.1324772834777832,0.9932473301887512,1.5113239288330078,1.631756067276001,2.0254673957824707,2.8226518630981445,2.764233350753784,0.02573366130299614,7,6,1,13087,15654,114071,3013
train,Train/038-5,data/raw/indoorcd_ply\Train\038-5,100269,107740,-0.9367712140083313,-1.3113278150558472,-1.0721235275268555,1.1247566938400269,1.5538287162780762,1.726354718208313,2.061527967453003,2.865156650543213,2.798478126525879,0.02753851865602376,7,5,2,17542,16720,104773,2967
train,Train/042-2,data/raw/indoorcd_ply\Train\042-2,228343,231683,-2.035588264465332,-1.4762333631515503,-1.2700941562652588,2.32323956489563,1.5751022100448608,1.537874460220337,4.358827590942383,3.051335573196411,2.8079686164855957,0.009875562730109675,13,10,3,17055,17217,229395,2288
train,Train/042-3,data/raw/indoorcd_ply\Train\042-3,228343,240869,-2.1324198246002197,-1.4762333631515503,-1.4738304615020752,2.32323956489563,1.579246997833252,1.2915581464767456,4.45565938949585,3.055480480194092,2.7653884887695312,0.020264126973583152,13,11,2,14972,13726,235988,4881
train,Train/042-4,data/raw/indoorcd_ply\Train\042-4,228343,241127,-2.035588264465332,-1.4762333631515503,-1.3233311176300049,2.32323956489563,1.5751022100448608,1.3665541410446167,4.358827590942383,3.051335573196411,2.689885139465332,0.03555387824673305,13,10,3,17171,18248,232554,8573
train,Train/042-5,data/raw/indoorcd_ply\Train\042-5,228343,208926,-2.0449130535125732,-1.4762333631515503,-1.3596348762512207,2.32323956489563,1.5751022100448608,1.223444938659668,4.368152618408203,3.051335573196411,2.5830798149108887,0.048021787618582654,12,10,2,17238,14600,198893,10033
train,Train/043-2,data/raw/indoorcd_ply\Train\043-2,77251,94656,-1.4094665050506592,-1.5981546640396118,-1.191261887550354,1.4605776071548462,1.4150952100753784,1.0158919095993042,2.870044231414795,3.0132498741149902,2.207153797149658,0.011008282623394185,10,8,2,6732,10251,93614,1042
train,Train/043-3,data/raw/indoorcd_ply\Train\043-3,77251,98971,-1.7668927907943726,-1.3967583179473877,-1.140305757522583,1.5164903402328491,1.3987030982971191,1.104083776473999,3.2833831310272217,2.795461416244507,2.244389533996582,0.011366966080973215,10,8,2,8769,9901,97846,1125
train,Train/043-4,data/raw/indoorcd_ply\Train\043-4,77251,114541,-2.6765239238739014,-1.437681794166565,-1.1280207633972168,1.4831956624984741,1.3944792747497559,1.8209962844848633,4.159719467163086,2.8321609497070312,2.94901704788208,0.01293859840581102,10,6,4,8835,14156,113059,1482
train,Train/043-5,data/raw/indoorcd_ply\Train\043-5,77251,125866,-3.127553939819336,-1.4294319152832031,-1.1159381866455078,1.6341303586959839,1.4095592498779297,2.4990479946136475,4.761684417724609,2.838991165161133,3.6149861812591553,0.0293963421416427,13,6,7,9473,11895,122166,3700
train,Train/044-2,data/raw/indoorcd_ply\Train\044-2,31070,44427,-0.6523725986480713,-1.4779132604599,-0.1439947634935379,1.0958765745162964,0.962577223777771,0.5472487211227417,1.7482491731643677,2.440490484237671,0.6912434697151184,0.008733427870439148,2,2,0,15535,22213,44039,388
train,Train/044-3,data/raw/indoorcd_ply\Train\044-3,31070,56760,-1.8747165203094482,-1.4771842956542969,-0.25326409935951233,0.8811931014060974,0.962577223777771,0.9483149647712708,2.7559096813201904,2.4397616386413574,1.2015790939331055,0.006818181818181818,6,4,2,6089,12473,56373,387
train,Train/044-4,data/raw/indoorcd_ply\Train\044-4,31070,48258,-0.6523725986480713,-1.4646532535552979,-0.1439947634935379,1.0342096090316772,0.9815965294837952,0.5439951419830322,1.6865822076797485,2.4462497234344482,0.6879898905754089,0.0038335612748145384,2,2,0,15535,24129,48073,185
train,Train/044-5,data/raw/indoorcd_ply\Train\044-5,31070,63195,-0.6523725986480713,-1.4724689722061157,-0.14675074815750122,1.414416790008545,0.962577223777771,0.7654290795326233,2.066789388656616,2.4350461959838867,0.9121798276901245,0.00557006092254134,3,2,1,15535,31552,62843,352
train,Train/050-2,data/raw/indoorcd_ply\Train\050-2,114849,115670,-1.125463843345642,-1.4471064805984497,-0.9026280641555786,1.1532788276672363,1.4116638898849487,1.3484212160110474,2.278742790222168,2.8587703704833984,2.251049280166626,0.014143684620039768,6,4,2,23193,24851,114034,1636
train,Train/050-3,data/raw/indoorcd_ply\Train\050-3,114849,127022,-1.1414119005203247,-1.550572395324707,-2.6382462978363037,1.1532788276672363,1.3956778049468994,1.3151750564575195,2.2946906089782715,2.9462502002716064,3.9534213542938232,0.006046196721827715,9,6,3,15253,18578,126254,768
train,Train/050-5,data/raw/indoorcd_ply\Train\050-5,114849,169395,-2.360503673553467,-1.687347412109375,-2.4618890285491943,1.248046636581421,1.384631872177124,1.7318480014801025,3.6085503101348877,3.071979284286499,4.193737030029297,0.023572124324802976,16,12,4,8639,10989,165402,3993
train,Train/051-2,data/raw/indoorcd_ply\Train\051-2,65524,74333,-0.8614466786384583,-1.3618162870407104,-0.45202502608299255,1.0616388320922852,1.4901992082595825,0.7347244620323181,1.9230854511260986,2.852015495300293,1.1867494583129883,0.0017085278409320222,4,3,1,17435,19657,74206,127
train,Train/051-3,data/raw/indoorcd_ply\Train\051-3,65524,91488,-0.8614466786384583,-1.3536717891693115,-0.47434502840042114,1.2399824857711792,1.4847830533981323,0.8911116719245911,2.1014292240142822,2.8384547233581543,1.3654567003250122,0.0034867960825463447,5,3,2,17305,24494,91169,319
train,Train/051-4,data/raw/indoorcd_ply\Train\051-4,65524,73775,-0.8614466786384583,-1.3536717891693115,-0.4642741084098816,0.9385569095611572,1.4728589057922363,0.8117841482162476,1.8000035285949707,2.826530694961548,1.2760581970214844,0.003985089800067774,4,3,1,17305,17946,73481,294
train,Train/051-5,data/raw/indoorcd_ply\Train\051-5,65524,92813,-0.8614466786384583,-1.3714884519577026,-0.4629901647567749,0.9473801255226135,1.4728589057922363,0.8614050149917603,1.8088268041610718,2.8443474769592285,1.3243951797485352,0.00679861657310937,4,3,1,17582,21110,92182,631
train,Train/054-2,data/raw/indoorcd_ply\Train\054-2,124092,141397,-1.3150559663772583,-1.3494888544082642,-1.2181994915008545,1.0602219104766846,1.3638248443603516,1.3337279558181763,2.3752779960632324,2.713313579559326,2.5519275665283203,0.003267396055078962,11,10,1,8794,14096,140935,462
train,Train/054-3,data/raw/indoorcd_ply\Train\054-3,124092,144924,-1.7266696691513062,-1.3664307594299316,-1.2266184091567993,1.0506889820098877,1.3809823989868164,1.2632805109024048,2.7773585319519043,2.747413158416748,2.489898920059204,0.004505809941762579,11,9,2,10354,11726,144271,653
train,Train/054-4,data/raw/indoorcd_ply\Train\054-4,124092,136388,-1.1368181705474854,-1.3494888544082642,-1.2429262399673462,1.0810441970825195,1.3718311786651611,1.430283784866333,2.217862367630005,2.721320152282715,2.6732101440429688,0.00475115112766519,12,10,2,7436,11391,135740,648
train,Train/054-5,data/raw/indoorcd_ply\Train\054-5,124092,131896,-1.3233166933059692,-1.3670663833618164,-1.2181994915008545,1.0328731536865234,1.3638248443603516,1.255616307258606,2.356189727783203,2.730891227722168,2.47381591796875,0.013048159155698428,10,10,0,8798,9656,130175,1721
train,Train/056-2,data/raw/indoorcd_ply\Train\056-2,60986,59735,-0.8082236051559448,-1.468420386314392,-0.6679675579071045,0.7373085021972656,1.4687169790267944,0.776362419128418,1.5455321073532104,2.9371373653411865,1.4443299770355225,0.009843475349460116,4,4,0,11808,10567,59147,588
train,Train/056-3,data/raw/indoorcd_ply\Train\056-3,60986,57530,-0.8161075711250305,-1.4719759225845337,-0.6651988625526428,0.7373085021972656,1.4725860357284546,0.776362419128418,1.5534160137176514,2.9445619583129883,1.441561222076416,0.016408830175560576,4,3,1,20064,17323,56586,944
train,Train/056-4,data/raw/indoorcd_ply\Train\056-4,60986,55016,-0.8036246299743652,-1.4655799865722656,-0.6629101037979126,0.7403762340545654,1.4703328609466553,0.776362419128418,1.5440008640289307,2.935912847518921,1.4392725229263306,0.06901628617129563,4,3,1,20011,17857,51219,3797
train,Train/056-5,data/raw/indoorcd_ply\Train\056-5,60986,63471,-0.8338935971260071,-1.4655799865722656,-0.665776252746582,0.7426952123641968,1.4648547172546387,0.7822203040122986,1.5765888690948486,2.9304347038269043,1.4479966163635254,0.06933875313135132,4,3,1,19995,17999,59070,4401
train,Train/057-2,data/raw/indoorcd_ply\Train\057-2,130031,140096,-1.3140974044799805,-1.3593599796295166,-0.983999490737915,1.1210789680480957,1.3737186193466187,1.7243549823760986,2.435176372528076,2.7330784797668457,2.7083544731140137,0.0,11,8,3,9066,10659,140096,0
train,Train/057-3,data/raw/indoorcd_ply\Train\057-3,130031,137646,-1.4239470958709717,-1.3722097873687744,-0.9780281782150269,1.1210789680480957,1.3972383737564087,1.270178198814392,2.5450260639190674,2.7694482803344727,2.248206377029419,0.002012408642459643,10,8,2,9695,11098,137369,277
train,Train/057-4,data/raw/indoorcd_ply\Train\057-4,130031,151765,-1.26054847240448,-1.3511724472045898,-0.9780281782150269,1.1313748359680176,1.3737186193466187,1.7581672668457031,2.391923427581787,2.724891185760498,2.7361955642700195,0.0027279016901130037,12,8,4,8990,12285,151351,414
train,Train/057-5,data/raw/indoorcd_ply\Train\057-5,130031,162621,-1.3750569820404053,-1.37057363986969,-0.9780281782150269,1.1210789680480957,1.3737186193466187,1.8319575786590576,2.496135950088501,2.7442922592163086,2.809985637664795,0.002951648311103732,12,8,4,9619,13101,162141,480
train,Train/058-2,data/raw/indoorcd_ply\Train\058-2,50838,70861,-1.0636789798736572,-1.4434285163879395,-0.4234253764152527,1.4330222606658936,1.423764944076538,0.5429562926292419,2.496701240539551,2.8671934604644775,0.9663816690444946,0.0,4,2,2,25419,33228,70861,0
train,Train/058-3,data/raw/indoorcd_ply\Train\058-3,50838,63864,-1.0636789798736572,-1.4549115896224976,-0.44305774569511414,0.960473895072937,1.423764944076538,0.5426199436187744,2.0241527557373047,2.878676414489746,0.9856777191162109,0.0026305900037579856,4,2,2,25419,31840,63696,168
train,Train/058-4,data/raw/indoorcd_ply\Train\058-4,50838,73206,-1.0636789798736572,-1.458624243736267,-0.42254456877708435,1.1380083560943604,1.423764944076538,0.6411604285240173,2.2016873359680176,2.8823890686035156,1.0637049674987793,0.003196459306614212,5,2,3,25419,35812,72972,234
train,Train/058-5,data/raw/indoorcd_ply\Train\058-5,50838,64765,-1.0636789798736572,-1.4435160160064697,-0.39816734194755554,1.2642401456832886,1.423764944076538,0.4614008665084839,2.3279190063476562,2.867280960083008,0.8595682382583618,0.009650274067783526,4,2,2,25419,31247,64140,625
train,Train/060-2,data/raw/indoorcd_ply\Train\060-2,123770,136331,-1.4996901750564575,-1.3519251346588135,-0.3361397087574005,1.1991233825683594,1.4712971448898315,2.3335976600646973,2.6988134384155273,2.8232221603393555,2.6697373390197754,0.005882741269410479,9,8,1,9879,9708,135529,802
train,Train/060-3,data/raw/indoorcd_ply\Train\060-3,123770,148804,-1.6810916662216187,-1.3488659858703613,-0.3361397087574005,1.846710205078125,1.4822392463684082,2.592447519302368,3.527801990509033,2.8311052322387695,2.9285871982574463,0.0020765570817988764,11,8,3,9814,14965,148495,309
train,Train/060-4,data/raw/indoorcd_ply\Train\060-4,123770,145789,-1.5465366840362549,-1.360539436340332,-0.3361397087574005,1.7626830339431763,1.473836898803711,2.43373703956604,3.3092198371887207,2.834376335144043,2.769876718521118,0.011893901460329655,11,8,3,10458,12056,144055,1734
train,Train/060-5,data/raw/indoorcd_ply\Train\060-5,123770,162170,-1.776692271232605,-1.3442795276641846,-0.3361397087574005,1.4129599332809448,1.4655628204345703,2.8865482807159424,3.18965220451355,2.809842348098755,3.2226879596710205,0.014947277548251835,13,9,4,10039,10167,159746,2424
train,Train/062-2,data/raw/indoorcd_ply\Train\062-2,51826,59072,-0.9349367618560791,-1.0628597736358643,-0.8194848299026489,0.7283189296722412,1.3626258373260498,0.8569355010986328,1.6632556915283203,2.425485610961914,1.6764203310012817,0.0,3,3,0,6925,9696,59072,0
train,Train/062-3,data/raw/indoorcd_ply\Train\062-3,51826,62361,-0.8417186141014099,-1.0294189453125,-0.8201373815536499,0.7260735034942627,1.377101182937622,0.8569355010986328,1.5677921772003174,2.406520128250122,1.6770728826522827,0.00729622680842193,3,3,0,6938,6853,61906,455
train,Train/062-4,data/raw/indoorcd_ply\Train\062-4,51826,78293,-0.9985867738723755,-1.0491822957992554,-1.3662794828414917,0.7627421617507935,1.7498679161071777,0.8569355010986328,1.761328935623169,2.7990503311157227,2.223215103149414,0.008021151316209623,5,3,2,17677,24390,77665,628
train,Train/062-5,data/raw/indoorcd_ply\Train\062-5,51826,70298,-0.8477937579154968,-1.0521832704544067,-1.7038670778274536,0.7644730806350708,1.7323966026306152,0.9054544568061829,1.6122667789459229,2.7845797538757324,2.6093215942382812,0.013983328117442887,6,4,2,6618,9081,69315,983
train,Train/063-2,data/raw/indoorcd_ply\Train\063-2,233913,212819,-4.3710737228393555,-1.4008983373641968,-1.1574357748031616,2.267463207244873,1.4903026819229126,1.3076677322387695,6.6385369300842285,2.8912010192871094,2.4651036262512207,0.00048397934394955335,17,14,3,9443,9132,212716,103
train,Train/063-3,data/raw/indoorcd_ply\Train\063-3,233913,194646,-4.024878978729248,-1.4008983373641968,-1.1673187017440796,2.3068740367889404,1.4903026819229126,1.3570473194122314,6.331752777099609,2.8912010192871094,2.5243659019470215,0.0014385088827923512,19,13,6,11016,8707,194366,280
train,Train/063-5,data/raw/indoorcd_ply\Train\063-5,233913,220527,-4.024878978729248,-1.4008983373641968,-1.1574357748031616,2.3296449184417725,1.4903026819229126,1.4919073581695557,6.354523658752441,2.8912010192871094,2.6493430137634277,0.003269440930135539,18,14,4,10405,12815,219806,721
train,Train/066-2,data/raw/indoorcd_ply\Train\066-2,212032,175348,-3.348966598510742,-1.686836838722229,-1.0361757278442383,2.5896151065826416,1.7404909133911133,0.9664214849472046,5.938581466674805,3.4273276329040527,2.0025973320007324,0.0006330268950886237,13,12,1,16814,10402,175237,111
train,Train/066-3,data/raw/indoorcd_ply\Train\066-3,212032,204470,-4.2456889152526855,-1.686836838722229,-0.995572566986084,2.5896151065826416,1.7404909133911133,0.9664214849472046,6.835304260253906,3.4273276329040527,1.9619940519332886,0.0006846970215679561,13,11,2,11496,10979,204330,140
train,Train/066-5,data/raw/indoorcd_ply\Train\066-5,212032,221778,-3.113377809524536,-1.7026299238204956,-1.1904828548431396,3.1363649368286133,1.7404909133911133,1.1548161506652832,6.24974250793457,3.4431209564208984,2.345299005508423,0.005915825735645555,15,12,3,17019,14122,220466,1312
train,Train/069-2,data/raw/indoorcd_ply\Train\069-2,116420,83336,-2.172715425491333,-1.3928312063217163,-0.8028984069824219,1.8395270109176636,1.4862327575683594,0.8300444483757019,4.012242317199707,2.8790640830993652,1.6329429149627686,0.04088269175386388,7,6,1,12375,5988,79929,3407
train,Train/069-3,data/raw/indoorcd_ply\Train\069-3,116420,107702,-2.172715425491333,-1.3928312063217163,-0.8028984069824219,1.8395270109176636,1.5203821659088135,0.8300444483757019,4.012242317199707,2.9132132530212402,1.6329429149627686,0.0097769772149078,9,6,3,12375,13599,106649,1053
train,Train/069-4,data/raw/indoorcd_ply\Train\069-4,116420,122581,-2.172715425491333,-1.3928312063217163,-0.8117676973342896,1.8395270109176636,1.5751453638076782,1.1315395832061768,4.012242317199707,2.9679765701293945,1.9433072805404663,0.017955474339416386,8,6,2,12512,17041,120380,2201
train,Train/069-5,data/raw/indoorcd_ply\Train\069-5,116420,110940,-2.4492380619049072,-1.3928312063217163,-0.8028984069824219,1.8395270109176636,1.517505168914795,1.1446219682693481,4.288764953613281,2.910336494445801,1.94752037525177,0.04940508382909681,9,6,3,11835,13432,105459,5481
train,Train/070-2,data/raw/indoorcd_ply\Train\070-2,54566,51988,-0.7721735239028931,-1.4803731441497803,-0.5140372514724731,0.7888701558113098,1.4281713962554932,0.6785740852355957,1.5610437393188477,2.9085445404052734,1.1926113367080688,0.015869046703085327,4,2,2,26960,25814,51163,825
train,Train/070-3,data/raw/indoorcd_ply\Train\070-3,54566,59952,-0.8137190341949463,-1.4988625049591064,-0.5177688002586365,0.6378031969070435,1.4444621801376343,0.7591725587844849,1.4515222311019897,2.943324565887451,1.2769412994384766,0.012309847878302643,4,3,1,19536,21442,59214,738
train,Train/070-4,data/raw/indoorcd_ply\Train\070-4,54566,59227,-0.919742226600647,-1.4845749139785767,-0.5159047245979309,0.6836381554603577,1.459057331085205,0.6785740852355957,1.6033804416656494,2.943632125854492,1.1944787502288818,0.04222736252047208,4,3,1,19355,19178,56726,2501
train,Train/070-5,data/raw/indoorcd_ply\Train\070-5,54566,62838,-0.8649634718894958,-1.4803731441497803,-0.5183237195014954,0.7508744597434998,1.444215178489685,0.703754186630249,1.6158379316329956,2.924588203430176,1.2220778465270996,0.04856933702536682,4,3,1,19294,22473,59786,3052
train,Train/072-2,data/raw/indoorcd_ply\Train\072-2,86261,95736,-2.42199444770813,-1.5773541927337646,-0.9028593897819519,2.422288417816162,1.5639585256576538,0.9129475355148315,4.844283103942871,3.141312599182129,1.8158068656921387,0.027064009359070777,8,5,3,10606,8909,93145,2591
train,Train/072-3,data/raw/indoorcd_ply\Train\072-3,86261,110728,-2.42199444770813,-1.5773541927337646,-0.9028593897819519,2.445662260055542,1.5639585256576538,0.9129475355148315,4.867656707763672,3.141312599182129,1.8158068656921387,0.0052832165305975,10,5,5,10606,12294,110143,585
train,Train/072-4,data/raw/indoorcd_ply\Train\072-4,86261,135812,-2.42199444770813,-1.5773541927337646,-1.0206509828567505,2.621837615966797,1.6960946321487427,0.9499917030334473,5.043831825256348,3.273448944091797,1.9706426858901978,0.05898595116779077,10,8,2,6310,10421,127801,8011
train,Train/072-5,data/raw/indoorcd_ply\Train\072-5,86261,123968,-2.42199444770813,-1.5773541927337646,-0.9467964768409729,2.48378324508667,1.6521042585372925,1.088911771774292,4.905777931213379,3.2294583320617676,2.03570818901062,0.039461796592669074,12,8,4,6620,10116,119076,4892
train,Train/073-2,data/raw/indoorcd_ply\Train\073-2,66793,75617,-1.2842371463775635,-1.5116280317306519,-0.7089681029319763,1.0786062479019165,1.4846516847610474,0.7926082015037537,2.3628435134887695,2.996279716491699,1.50157630443573,0.0,7,6,1,2115,3222,75617,0
train,Train/073-3,data/raw/indoorcd_ply\Train\073-3,66793,71098,-1.361739158630371,-1.5116280317306519,-0.7089681029319763,1.0153114795684814,1.491590142250061,0.717669665813446,2.3770506381988525,3.003218173980713,1.4266377687454224,0.001364314045402121,7,6,1,2772,2573,71001,97
train,Train/073-4,data/raw/indoorcd_ply\Train\073-4,66793,71173,-1.6186645030975342,-1.5116280317306519,-0.7119444608688354,1.0153114795684814,1.4846516847610474,0.6916989088058472,2.6339759826660156,2.996279716491699,1.4036433696746826,0.0013207255560395094,8,5,3,8639,6910,71079,94
train,Train/073-5,data/raw/indoorcd_ply\Train\073-5,66793,77744,-1.6791629791259766,-1.5116280317306519,-0.730652391910553,1.0631203651428223,1.4886137247085571,0.6916989088058472,2.742283344268799,3.000241756439209,1.422351360321045,0.0034214859024490635,8,6,2,8230,8288,77478,266
train,Train/074-2,data/raw/indoorcd_ply\Train\074-2,68605,67301,-1.0461481809616089,-1.4751158952713013,-1.6207149028778076,0.43538612127304077,1.5180613994598389,-0.043723706156015396,1.4815342426300049,2.9931774139404297,1.5769912004470825,0.024977340604151497,4,4,0,12193,12221,65620,1681
train,Train/074-3,data/raw/indoorcd_ply\Train\074-3,68605,70508,-1.0461481809616089,-1.4751158952713013,-1.6279945373535156,0.43538612127304077,1.5180613994598389,0.0338570699095726,1.4815342426300049,2.9931774139404297,1.6618516445159912,0.02311794406308504,4,4,0,12257,13512,68878,1630
train,Train/074-4,data/raw/indoorcd_ply\Train\074-4,68605,68871,-1.0461481809616089,-1.4751158952713013,-1.6323192119598389,0.43538612127304077,1.570887804031372,-0.1306147277355194,1.4815342426300049,3.046003818511963,1.501704454421997,0.03152270186290311,4,4,0,12276,12897,66700,2171
train,Train/074-5,data/raw/indoorcd_ply\Train\074-5,68605,73236,-1.0673580169677734,-1.4751158952713013,-1.6277942657470703,0.4395843744277954,1.5180613994598389,0.000352277304045856,1.5069423913955688,2.9931774139404297,1.6281465291976929,0.06629253372658256,4,4,0,12254,14615,68381,4855
train,Train/075-2,data/raw/indoorcd_ply\Train\075-2,86341,79529,-0.8971288204193115,-1.398147702217102,-0.8711417317390442,1.1750482320785522,1.4485301971435547,0.7745838761329651,2.072176933288574,2.846677780151367,1.6457256078720093,0.01300154660564071,5,4,1,15338,14572,78495,1034
train,Train/075-3,data/raw/indoorcd_ply\Train\075-3,86341,83138,-0.9002318978309631,-1.412602186203003,-0.702648401260376,0.9721602201461792,1.4485301971435547,0.9349362254142761,1.872392177581787,2.8611323833465576,1.6375846862792969,0.0226130048834468,4,3,1,18188,18000,81258,1880
train,Train/075-4,data/raw/indoorcd_ply\Train\075-4,86341,102678,-0.9157719016075134,-1.4147690534591675,-0.702648401260376,1.3211947679519653,1.4485301971435547,1.0973279476165771,2.236966609954834,2.8632993698120117,1.7999763488769531,0.024912834297512614,5,3,2,18238,19899,100120,2558
train,Train/075-5,data/raw/indoorcd_ply\Train\075-5,86341,96923,-0.9101853370666504,-1.4050748348236084,-0.7436987161636353,0.9721602201461792,1.4485301971435547,1.1760855913162231,1.8823455572128296,2.853605031967163,1.9197843074798584,0.04963734098201665,4,3,1,17935,22163,92112,4811
train,Train/077-2,data/raw/indoorcd_ply\Train\077-2,82520,95251,-1.1903542280197144,-1.395088791847229,-0.6848708391189575,0.6971254348754883,1.3781533241271973,0.9196028709411621,1.8874796628952026,2.7732419967651367,1.6044737100601196,0.0018477496299251451,4,4,0,12493,18091,95075,176
train,Train/077-3,data/raw/indoorcd_ply\Train\077-3,82520,95899,-1.3685165643692017,-1.399384617805481,-0.6833924651145935,0.7004326581954956,1.3814363479614258,0.9807509779930115,2.0689492225646973,2.780820846557617,1.664143443107605,0.004536022273433508,8,8,0,4089,6115,95464,435
train,Train/077-5,data/raw/indoorcd_ply\Train\077-5,82520,89258,-2.5308597087860107,-1.40379798412323,-0.6826968193054199,0.6975641846656799,1.4291499853134155,1.0085946321487427,3.228423833847046,2.8329479694366455,1.6912914514541626,0.010284792399560823,6,4,2,12176,14928,88340,918
train,Train/078-2,data/raw/indoorcd_ply\Train\078-2,96913,106154,-1.1811151504516602,-1.3879419565200806,-0.7904017567634583,1.340258002281189,1.4555035829544067,1.1111968755722046,2.5213732719421387,2.8434455394744873,1.9015986919403076,0.00014130414303747385,7,5,2,6194,9147,106139,15
train,Train/078-3,data/raw/indoorcd_ply\Train\078-3,96913,91953,-1.1816049814224243,-1.3871155977249146,-0.8020662069320679,1.1653470993041992,1.474159598350525,1.0008574724197388,2.346951961517334,2.8612751960754395,1.8029236793518066,0.02260937652931389,7,5,2,6399,4470,89874,2079
train,Train/078-4,data/raw/indoorcd_ply\Train\078-4,96913,111023,-1.275154948234558,-1.3834444284439087,-0.7903355956077576,1.1653470993041992,1.5438058376312256,1.1227566003799438,2.440502166748047,2.927250385284424,1.9130921363830566,0.015600371094277763,8,7,1,6050,8189,109291,1732
train,Train/078-5,data/raw/indoorcd_ply\Train\078-5,96913,103105,-1.1682064533233643,-1.3834444284439087,-0.7855689525604248,1.2726128101348877,1.4454925060272217,1.0008574724197388,2.440819263458252,2.82893705368042,1.7864264249801636,0.03086174288346831,7,5,2,6134,6158,99923,3182
train,Train/079-2,data/raw/indoorcd_ply\Train\079-2,89268,93057,-1.894700527191162,-1.3599876165390015,-0.7761746644973755,2.121587038040161,1.4803367853164673,0.8580970168113708,4.016287803649902,2.8403244018554688,1.6342716217041016,0.012325778823731691,7,6,1,9902,9740,91910,1147
train,Train/079-3,data/raw/indoorcd_ply\Train\079-3,89268,102176,-1.908044695854187,-1.343069314956665,-0.7761746644973755,2.121587038040161,1.4681847095489502,0.8296328783035278,4.029631614685059,2.8112540245056152,1.6058075428009033,0.004081193235202004,7,6,1,9785,8304,101759,417
train,Train/079-4,data/raw/indoorcd_ply\Train\079-4,89268,94629,-1.7533361911773682,-1.3727360963821411,-0.7761746644973755,2.2879326343536377,1.4681847095489502,0.7470324635505676,4.041268825531006,2.840920925140381,1.523207187652588,0.02608079975483203,7,6,1,9982,9620,92161,2468
train,Train/079-5,data/raw/indoorcd_ply\Train\079-5,89268,102822,-1.6455004215240479,-1.3459256887435913,-0.7761746644973755,2.121587038040161,1.4681847095489502,0.8224806785583496,3.767087459564209,2.814110279083252,1.598655343055725,0.03579973157495478,7,6,1,9819,9455,99141,3681
train,Train/080-2,data/raw/indoorcd_ply\Train\080-2,49138,53968,-0.6924070715904236,-1.4620308876037598,-0.39451712369918823,0.7214393615722656,1.448043942451477,0.7707889080047607,1.413846492767334,2.9100747108459473,1.1653060913085938,0.0009264749481174029,3,2,1,24569,26711,53918,50
train,Train/080-3,data/raw/indoorcd_ply\Train\080-3,49138,54885,-0.9477255940437317,-1.4620308876037598,-0.39390692114830017,0.7342789173126221,1.4861594438552856,0.9271460771560669,1.682004451751709,2.948190212249756,1.3210530281066895,0.004445659105402205,3,2,1,24569,26591,54641,244
train,Train/080-4,data/raw/indoorcd_ply\Train\080-4,49138,60147,-0.6912519335746765,-1.4620308876037598,-0.40915223956108093,0.7261685729026794,1.448043942451477,1.0062587261199951,1.417420506477356,2.9100747108459473,1.4154109954833984,0.07127537533044043,4,2,2,24569,28962,55860,4287
train,Train/080-5,data/raw/indoorcd_ply\Train\080-5,49138,44129,-0.6952685117721558,-1.4620308876037598,-0.39390692114830017,0.7602776288986206,1.448043942451477,0.7606487274169922,1.4555461406707764,2.9100747108459473,1.1545556783676147,0.08688164245734098,3,2,1,24569,21649,40295,3834
train,Train/081-2,data/raw/indoorcd_ply\Train\081-2,62270,63156,-0.6347676515579224,-1.4003390073776245,-0.6727310419082642,0.7481154203414917,1.5329797267913818,0.797451913356781,1.382883071899414,2.933318614959717,1.4701828956604004,0.0,4,4,0,10841,11619,63156,0
train,Train/081-3,data/raw/indoorcd_ply\Train\081-3,62270,65676,-0.6371304988861084,-1.382468581199646,-0.6691315174102783,0.8492439389228821,1.555617094039917,0.797451913356781,1.4863743782043457,2.9380855560302734,1.466583490371704,0.006882270540227785,4,4,0,10684,11328,65224,452
train,Train/081-4,data/raw/indoorcd_ply\Train\081-4,62270,74828,-0.6255784034729004,-1.4132360219955444,-0.6691315174102783,0.8885209560394287,1.3626415729522705,0.8072641491889954,1.514099359512329,2.7758774757385254,1.476395606994629,0.018963489602822473,4,4,0,10908,13575,73409,1419
train,Train/081-5,data/raw/indoorcd_ply\Train\081-5,62270,70746,-0.6296777129173279,-1.4110751152038574,-0.6900221705436707,0.9439808130264282,1.5409148931503296,0.9669740796089172,1.5736584663391113,2.9519901275634766,1.656996250152588,0.020820965142905604,4,4,0,11030,13099,69273,1473
train,Train/082-2,data/raw/indoorcd_ply\Train\082-2,171084,160121,-1.313459873199463,-1.405875325202942,-1.1914491653442383,1.280686616897583,1.4131410121917725,1.3017452955245972,2.594146490097046,2.819016456604004,2.493194580078125,3.7471662055570476e-05,12,11,1,11117,10180,160115,6
train,Train/082-3,data/raw/indoorcd_ply\Train\082-3,171084,145814,-1.3049575090408325,-1.3944965600967407,-1.1898306608200073,1.2969517707824707,1.4259750843048096,1.2570182085037231,2.6019091606140137,2.82047176361084,2.4468488693237305,0.005308132278107726,12,10,2,14624,12792,145040,774
train,Train/082-4,data/raw/indoorcd_ply\Train\082-4,171084,170402,-1.6192036867141724,-1.3944965600967407,-1.2059460878372192,1.2706520557403564,1.4232521057128906,1.4051319360733032,2.8898558616638184,2.817748546600342,2.6110780239105225,0.0015727514935270713,12,11,1,14530,12159,170134,268
train,Train/086-2,data/raw/indoorcd_ply\Train\086-2,119187,128091,-1.151175618171692,-1.5042078495025635,-0.9163830280303955,0.991943895816803,1.447738528251648,1.0901987552642822,2.1431195735931396,2.951946258544922,2.0065817832946777,0.0045436447525587275,9,8,1,8517,9987,127509,582
train,Train/086-3,data/raw/indoorcd_ply\Train\086-3,119187,119076,-1.146405816078186,-1.4383150339126587,-0.9266949892044067,0.991943895816803,1.447738528251648,1.2901053428649902,2.138349771499634,2.8860535621643066,2.2168002128601074,0.0016460075917901172,11,8,3,8735,8602,118880,196
train,Train/086-4,data/raw/indoorcd_ply\Train\086-4,119187,126195,-1.073699712753296,-1.4383150339126587,-0.9767469167709351,0.991943895816803,1.447738528251648,0.9304770231246948,2.065643548965454,2.8860535621643066,1.9072239398956299,0.04783073814334958,8,8,0,8238,8940,120159,6036
train,Train/086-5,data/raw/indoorcd_ply\Train\086-5,119187,113389,-1.1328109502792358,-1.451243281364441,-0.959483802318573,0.991943895816803,1.447738528251648,1.1590012311935425,2.1247549057006836,2.898981809616089,2.1184849739074707,0.07181472629620157,9,8,1,8663,8451,105246,8143
train,Train/087-2,data/raw/indoorcd_ply\Train\087-2,88892,88640,-2.374419689178467,-1.4179943799972534,-2.0508458614349365,2.694175958633423,1.3954579830169678,1.2955265045166016,5.068595886230469,2.8134522438049316,3.346372365951538,0.012669223826714801,16,10,6,4686,2944,87517,1123
train,Train/087-3,data/raw/indoorcd_ply\Train\087-3,88892,86911,-2.374419689178467,-1.4316669702529907,-1.8356631994247437,3.1942567825317383,1.4846781492233276,1.3568371534347534,5.568676471710205,2.9163451194763184,3.192500352859497,0.001127590293518657,18,8,10,6926,5011,86813,98
train,Train/087-4,data/raw/indoorcd_ply\Train\087-4,88892,89936,-2.374419689178467,-1.4281617403030396,-1.7983773946762085,2.7709481716156006,1.397755742073059,1.1381133794784546,5.145367622375488,2.8259174823760986,2.936490774154663,0.02163760896637609,17,9,8,3576,2491,87990,1946
train,Train/087-5,data/raw/indoorcd_ply\Train\087-5,88892,113251,-2.946092128753662,-1.4584869146347046,-2.0312047004699707,2.7485222816467285,1.3954579830169678,1.1939141750335693,5.694614410400391,2.853944778442383,3.22511887550354,0.013483324650554962,15,9,6,3811,7531,111724,1527
train,Train/088-2,data/raw/indoorcd_ply\Train\088-2,102108,127109,-1.2564499378204346,-1.4568158388137817,-0.621704638004303,1.1408438682556152,1.4071756601333618,1.6522407531738281,2.39729380607605,2.8639914989471436,2.2739453315734863,0.001227293110637327,9,6,3,8221,18599,126953,156
train,Train/088-3,data/raw/indoorcd_ply\Train\088-3,102108,105641,-1.4459933042526245,-1.4255244731903076,-0.6207644939422607,1.1408438682556152,1.4428690671920776,1.3597314357757568,2.5868372917175293,2.8683934211730957,1.9804959297180176,0.0025274277979193682,8,6,2,7841,8836,105374,267
train,Train/088-4,data/raw/indoorcd_ply\Train\088-4,102108,124107,-1.2561203241348267,-1.4297136068344116,-0.6191816926002502,1.1408438682556152,1.3988020420074463,1.562968373298645,2.3969640731811523,2.8285155296325684,2.18215012550354,0.018653258881449072,9,6,3,8189,17281,121792,2315
train,Train/088-5,data/raw/indoorcd_ply\Train\088-5,102108,107020,-1.1128108501434326,-1.4150077104568481,-0.6279523372650146,1.1408438682556152,1.4342209100723267,1.3208948373794556,2.253654718399048,2.849228620529175,1.9488471746444702,0.020538217155671838,8,5,3,10706,14650,104822,2198
train,Train/089-2,data/raw/indoorcd_ply\Train\089-2,70914,80259,-0.9692784547805786,-1.2917745113372803,-0.887662947177887,0.6451782584190369,1.5746394395828247,0.9302470088005066,1.6144566535949707,2.8664140701293945,1.8179099559783936,0.006528862806663427,4,3,1,12696,18923,79735,524
train,Train/089-3,data/raw/indoorcd_ply\Train\089-3,70914,80326,-0.7980398535728455,-1.2946884632110596,-0.8840768337249756,0.6455364227294922,1.5820438861846924,0.9528936743736267,1.4435763359069824,2.876732349395752,1.836970567703247,0.025882030724796456,4,3,1,12746,15250,78247,2079
train,Train/089-4,data/raw/indoorcd_ply\Train\089-4,70914,73364,-1.072492003440857,-1.2917745113372803,-0.8731600046157837,0.6456355452537537,1.594725489616394,0.9302470088005066,1.7181274890899658,2.8864998817443848,1.8034069538116455,0.03770241535357941,4,3,1,12696,19644,70598,2766
train,Train/089-5,data/raw/indoorcd_ply\Train\089-5,70914,90784,-1.189393401145935,-1.2917745113372803,-0.9100328683853149,0.6406426429748535,1.5619792938232422,0.9302470088005066,1.8300360441207886,2.8537538051605225,1.8402798175811768,0.02020179767359887,4,3,1,12696,20208,88950,1834
train,Train/090-2,data/raw/indoorcd_ply\Train\090-2,98741,143917,-1.3639473915100098,-1.1879160404205322,-0.994787335395813,2.2845537662506104,1.3602131605148315,1.067350149154663,3.64850115776062,2.548129081726074,2.0621376037597656,0.00016676278688410682,9,8,1,7243,14148,143893,24
train,Train/090-3,data/raw/indoorcd_ply\Train\090-3,98741,146055,-1.2696337699890137,-1.1879160404205322,-0.9229599237442017,2.0409188270568848,1.3621068000793457,1.188026785850525,3.3105525970458984,2.550022840499878,2.1109867095947266,0.002779774742391565,9,7,2,7193,18294,145649,406
train,Train/090-4,data/raw/indoorcd_ply\Train\090-4,98741,147287,-1.273556113243103,-1.194993019104004,-0.957598090171814,2.31076717376709,1.3587300777435303,1.1788135766983032,3.5843234062194824,2.553723096847534,2.136411666870117,0.02604438952521268,9,7,2,6592,18052,143451,3836
train,Train/090-5,data/raw/indoorcd_ply\Train\090-5,98741,158266,-1.3535690307617188,-1.1879160404205322,-0.9675022959709167,2.395833730697632,1.329708218574524,1.3482660055160522,3.7494027614593506,2.5176243782043457,2.315768241882324,0.031731388927501804,9,8,1,6996,13154,153244,5022
train,Train/092-2,data/raw/indoorcd_ply\Train\092-2,58897,72893,-0.8994728326797485,-1.2251907587051392,-1.1284490823745728,0.9311990141868591,1.2286694049835205,1.361900806427002,1.830671787261963,2.453860282897949,2.490349769592285,0.0008917179976129395,5,5,0,4025,7573,72828,65
train,Train/092-3,data/raw/indoorcd_ply\Train\092-3,58897,75838,-0.8854116201400757,-1.2293342351913452,-1.124450922012329,1.1929112672805786,1.2179505825042725,1.4897420406341553,2.0783228874206543,2.447284698486328,2.6141929626464844,0.00366570848387352,7,5,2,3880,12086,75560,278
train,Train/092-5,data/raw/indoorcd_ply\Train\092-5,58897,71162,-0.8622716665267944,-1.2251907587051392,-1.0832420587539673,0.9320321083068848,1.224263310432434,1.5109124183654785,1.7943037748336792,2.4494540691375732,2.5941543579101562,0.01375734240184368,5,5,0,2841,8922,70183,979
train,Train/093-3,data/raw/indoorcd_ply\Train\093-3,98122,92062,-1.2643393278121948,-1.4740111827850342,-0.7956323623657227,0.6864845752716064,1.4784765243530273,0.8826499581336975,1.9508239030838013,2.9524877071380615,1.6782822608947754,0.01544611240251135,4,4,0,16790,16524,90640,1422
train,Train/093-4,data/raw/indoorcd_ply\Train\093-4,98122,113701,-3.3657050132751465,-1.4934266805648804,-0.8092145919799805,0.6834508180618286,1.5501002073287964,0.8826499581336975,4.0491557121276855,3.0435268878936768,1.6918644905090332,0.0021635693617470383,10,8,2,6441,7320,113455,246
train,Train/093-5,data/raw/indoorcd_ply\Train\093-5,98122,86817,-0.9934415817260742,-1.4740111827850342,-0.79050213098526,0.680339515209198,1.4773095846176147,0.8826499581336975,1.673781156539917,2.9513206481933594,1.6731520891189575,0.0038586912701429445,4,4,0,16790,14717,86482,335
train,Train/094-2,data/raw/indoorcd_ply\Train\094-2,166559,171085,-1.2632235288619995,-1.3824611902236938,-0.8406419157981873,1.241959810256958,1.3284296989440918,1.2107887268066406,2.505183219909668,2.710890769958496,2.0514307022094727,0.002402314638922173,10,8,2,17758,19007,170674,411
train,Train/094-3,data/raw/indoorcd_ply\Train\094-3,166559,167260,-1.2598460912704468,-1.389565110206604,-0.8373780250549316,1.2480145692825317,1.3278549909591675,1.2107887268066406,2.5078606605529785,2.7174201011657715,2.0481667518615723,0.018390529714217386,9,8,1,17712,16678,164184,3076
train,Train/094-4,data/raw/indoorcd_ply\Train\094-4,166559,167094,-1.2598460912704468,-1.3839328289031982,-0.8373780250549316,1.241959810256958,1.328244924545288,1.2107887268066406,2.5018057823181152,2.7121777534484863,2.0481667518615723,0.007133709169688918,9,8,1,17712,18152,165902,1192
train,Train/094-5,data/raw/indoorcd_ply\Train\094-5,166559,178059,-1.2690775394439697,-1.3813155889511108,-0.8407737612724304,1.3219153881072998,1.3340482711791992,1.2972050905227661,2.5909929275512695,2.7153639793395996,2.1379787921905518,0.015781285978243166,10,8,2,17722,19916,175249,2810
train,Train/095-2,data/raw/indoorcd_ply\Train\095-2,89471,104899,-1.3420746326446533,-1.3855165243148804,-0.8139093518257141,1.329954743385315,1.2618441581726074,0.9227539300918579,2.672029495239258,2.6473608016967773,1.7366633415222168,0.010171688957950028,6,6,0,7231,10717,103832,1067
train,Train/095-3,data/raw/indoorcd_ply\Train\095-3,89471,110458,-1.4922484159469604,-1.270398497581482,-0.8103176355361938,1.3328372240066528,1.2736237049102783,0.8557615876197815,2.8250856399536133,2.5440220832824707,1.6660792827606201,0.012013616035054048,7,7,0,5400,6243,109131,1327
train,Train/095-4,data/raw/indoorcd_ply\Train\095-4,89471,119245,-1.586796760559082,-1.2796549797058105,-0.889063835144043,1.329954743385315,1.2618441581726074,1.0275988578796387,2.9167513847351074,2.541499137878418,1.9166626930236816,0.020411757306386013,8,8,0,8695,11499,116811,2434
train,Train/096-2,data/raw/indoorcd_ply\Train\096-2,80115,101904,-3.61497163772583,-1.46919584274292,-0.6431475281715393,1.4599653482437134,1.418672800064087,0.6543070077896118,5.074936866760254,2.887868642807007,1.297454595565796,0.0016093578269744072,8,6,2,10334,11170,101740,164
train,Train/096-4,data/raw/indoorcd_ply\Train\096-4,80115,79213,-2.130340576171875,-1.46919584274292,-0.6143296957015991,1.4599653482437134,1.4198802709579468,0.6060243248939514,3.590305805206299,2.8890762329101562,1.2203540802001953,0.008672818855490892,6,5,1,14817,13187,78526,687
train,Train/096-5,data/raw/indoorcd_ply\Train\096-5,80115,130465,-4.269233703613281,-1.46919584274292,-0.6601619720458984,2.408798933029175,1.409972906112671,0.6060243248939514,6.678032875061035,2.879168748855591,1.266186237335205,0.010661863334994059,11,5,6,17017,21052,129074,1391
train,Train/097-2,data/raw/indoorcd_ply\Train\097-2,75999,66529,-0.7653665542602539,-1.3608800172805786,-0.8642253875732422,0.630920946598053,1.4513849020004272,0.9501372575759888,1.396287441253662,2.812264919281006,1.814362645149231,0.010942596461693398,4,4,0,13259,9130,65801,728
train,Train/097-3,data/raw/indoorcd_ply\Train\097-3,75999,71350,-0.7653665542602539,-1.3669464588165283,-0.8642253875732422,0.630920946598053,1.4513849020004272,0.9501372575759888,1.396287441253662,2.818331241607666,1.814362645149231,0.027820602662929222,4,4,0,13316,10579,69365,1985
train,Train/097-4,data/raw/indoorcd_ply\Train\097-4,75999,72147,-0.9672056436538696,-1.3662052154541016,-0.8642253875732422,0.630920946598053,1.4513849020004272,0.9501372575759888,1.5981266498565674,2.8175902366638184,1.814362645149231,0.06866536377118938,4,4,0,13308,9910,67193,4954
train,Train/097-5,data/raw/indoorcd_ply\Train\097-5,75999,63571,-0.7653665542602539,-1.3608800172805786,-0.8642253875732422,0.7271315455436707,1.4513849020004272,0.9501372575759888,1.4924981594085693,2.812264919281006,1.814362645149231,0.06652404398231898,4,4,0,13259,8206,59342,4229
train,Train/098-2,data/raw/indoorcd_ply\Train\098-2,89422,86926,-1.7392284870147705,-1.1566038131713867,-0.6809603571891785,1.7450968027114868,1.1649854183197021,0.7425185441970825,3.484325408935547,2.321589231491089,1.4234788417816162,0.00031060902376734236,8,4,4,17543,17766,86899,27
train,Train/098-3,data/raw/indoorcd_ply\Train\098-3,89422,81556,-1.7392284870147705,-1.1562680006027222,-0.6809603571891785,1.7450968027114868,1.1649854183197021,0.7552071809768677,3.484325408935547,2.3212532997131348,1.4361674785614014,0.00220707244102212,7,6,1,6236,5349,81376,180
train,Train/098-4,data/raw/indoorcd_ply\Train\098-4,89422,83882,-1.8556983470916748,-1.1528515815734863,-0.6809603571891785,1.7450968027114868,1.1649854183197021,0.7425185441970825,3.600795269012451,2.3178369998931885,1.4234788417816162,0.005936911375503684,8,6,2,6399,6748,83384,498
train,Train/098-5,data/raw/indoorcd_ply\Train\098-5,89422,96318,-1.7392284870147705,-1.1749420166015625,-0.6809603571891785,1.7450968027114868,1.1649854183197021,0.7847020030021667,3.484325408935547,2.3399274349212646,1.4656623601913452,0.006862684025831101,8,6,2,6435,7636,95657,661
train,Train/099-2,data/raw/indoorcd_ply\Train\099-2,58311,81738,-1.7180243730545044,-1.4119092226028442,-0.3104592263698578,1.5300909280776978,1.3740164041519165,0.5636993646621704,3.248115301132202,2.7859256267547607,0.8741586208343506,0.004171866206660305,4,4,0,11917,19133,81397,341
train,Train/099-3,data/raw/indoorcd_ply\Train\099-3,58311,74669,-1.6447694301605225,-1.4932037591934204,-0.4596761167049408,1.5238285064697266,1.3759044408798218,0.5147760510444641,3.168597936630249,2.869108200073242,0.9744521379470825,0.009307744847259238,4,4,0,11609,15221,73974,695
train,Train/099-4,data/raw/indoorcd_ply\Train\099-4,58311,80008,-1.7669503688812256,-1.4119092226028442,-0.3301045298576355,1.1368303298950195,1.3740164041519165,0.6121793985366821,2.903780698776245,2.7859256267547607,0.9422839283943176,0.01426107389261074,4,4,0,12297,15901,78867,1141
train,Train/099-5,data/raw/indoorcd_ply\Train\099-5,58311,83441,-1.7916702032089233,-1.4119092226028442,-0.3013021945953369,1.149193286895752,1.3846524953842163,0.7090826630592346,2.940863609313965,2.7965617179870605,1.0103847980499268,0.028019798420440792,5,4,1,12495,17965,81103,2338
train,Train/100-2,data/raw/indoorcd_ply\Train\100-2,69120,79537,-0.33027446269989014,-1.473738670349121,-0.6279953122138977,1.2071030139923096,1.4413636922836304,1.248077630996704,1.5373774766921997,2.915102481842041,1.876072883605957,0.015313627619849881,4,4,0,14508,17481,78319,1218
train,Train/100-3,data/raw/indoorcd_ply\Train\100-3,69120,74783,-0.3318491578102112,-1.4689900875091553,-0.6946554780006409,1.1020851135253906,1.4627171754837036,1.1547876596450806,1.433934211730957,2.9317073822021484,1.8494431972503662,0.02247837075271118,4,4,0,14761,17000,73102,1681
train,Train/100-4,data/raw/indoorcd_ply\Train\100-4,69120,70166,-0.33997541666030884,-1.4601629972457886,-0.6277676224708557,1.044288158416748,1.44794499874115,1.1547876596450806,1.384263515472412,2.9081079959869385,1.782555341720581,0.036499159136903915,4,4,0,14442,14610,67605,2561
train,Train/100-5,data/raw/indoorcd_ply\Train\100-5,69120,73001,-0.335894376039505,-1.4601629972457886,-0.7090439796447754,1.0479998588562012,1.494284987449646,1.1893348693847656,1.3838942050933838,2.9544479846954346,1.898378849029541,0.06383474198983576,4,4,0,14777,16550,68341,4660
train,Train/101-2,data/raw/indoorcd_ply\Train\101-2,82217,88253,-1.1265079975128174,-1.4614793062210083,-1.022172212600708,0.7421054840087891,1.4704636335372925,1.0295910835266113,1.8686134815216064,2.931942939758301,2.0517632961273193,0.00232286721131293,4,3,1,21315,19891,88048,205
train,Train/101-3,data/raw/indoorcd_ply\Train\101-3,82217,78580,-1.0020908117294312,-1.4540525674819946,-1.0387519598007202,0.7421054840087891,1.4704636335372925,1.0295910835266113,1.7441962957382202,2.924516201019287,2.068343162536621,0.0024051921608551794,4,3,1,20282,19479,78391,189
train,Train/102-3,data/raw/indoorcd_ply\Train\102-3,189707,241821,-3.5545096397399902,-1.6089184284210205,-1.1013281345367432,3.698909044265747,1.627073049545288,1.3318921327590942,7.253418922424316,3.2359914779663086,2.433220386505127,0.005710835700786946,18,11,7,9680,18307,240440,1381
train,Train/102-4,data/raw/indoorcd_ply\Train\102-4,189707,175550,-3.0526156425476074,-1.5806001424789429,-1.0438814163208008,3.5678231716156006,1.6151641607284546,1.0547382831573486,6.620438575744629,3.1957643032073975,2.0986196994781494,0.002808316718883509,15,11,4,13914,11619,175057,493
train,Train/102-5,data/raw/indoorcd_ply\Train\102-5,189707,144295,-2.4011166095733643,-1.5734671354293823,-0.967115581035614,2.2492544651031494,1.6151641607284546,1.1949039697647095,4.650371074676514,3.188631296157837,2.1620194911956787,0.01804636335285353,15,10,5,11538,9384,141691,2604
train,Train/103-2,data/raw/indoorcd_ply\Train\103-2,60525,72470,-0.5009294748306274,-1.1299418210983276,-0.5767073631286621,0.8122225403785706,1.5296076536178589,0.8877682685852051,1.3131520748138428,2.6595494747161865,1.4644756317138672,0.0010073133710500897,4,4,0,6525,8616,72397,73
train,Train/103-3,data/raw/indoorcd_ply\Train\103-3,60525,65147,-0.4936502277851105,-1.134837031364441,-0.5767073631286621,0.4910212457180023,1.1474661827087402,0.7117807269096375,0.9846714735031128,2.2823033332824707,1.2884881496429443,0.011343576833929421,4,3,1,12093,10528,64408,739
train,Train/103-4,data/raw/indoorcd_ply\Train\103-4,60525,64724,-0.4918439984321594,-1.1347132921218872,-0.5793576836585999,0.49362337589263916,1.1514344215393066,0.6627554297447205,0.9854673743247986,2.2861475944519043,1.2421131134033203,0.015403868734936037,4,4,0,6577,6429,63727,997
train,Train/103-5,data/raw/indoorcd_ply\Train\103-5,60525,68747,-0.4925307333469391,-1.1255769729614258,-0.5767073631286621,0.4872397780418396,1.1474661827087402,0.6627554297447205,0.9797705411911011,2.273043155670166,1.2394628524780273,0.028306689746461663,4,4,0,6471,7630,66801,1946
train,Train/104-2,data/raw/indoorcd_ply\Train\104-2,59483,66089,-0.8149449825286865,-1.3967876434326172,-0.5518945455551147,0.636833131313324,1.385136365890503,0.7606369256973267,1.4517781734466553,2.78192400932312,1.3125314712524414,0.001800602218220884,4,2,2,29667,30790,65970,119
train,Train/104-3,data/raw/indoorcd_ply\Train\104-3,59483,73386,-0.8139996528625488,-1.3797088861465454,-0.5354804396629333,0.636833131313324,1.382339358329773,0.7116448879241943,1.4508328437805176,2.7620482444763184,1.2471253871917725,0.003938080832856403,4,2,2,29706,33820,73097,289
train,Train/104-4,data/raw/indoorcd_ply\Train\104-4,59483,64051,-0.7880274057388306,-1.3797088861465454,-0.5365974307060242,0.636833131313324,1.382339358329773,0.6306101679801941,1.4248604774475098,2.7620482444763184,1.1672075986862183,0.025916847512138765,4,2,2,29703,31207,62391,1660
train,Train/104-5,data/raw/indoorcd_ply\Train\104-5,59483,90735,-1.1414064168930054,-1.382796287536621,-0.6290243864059448,0.6560158133506775,1.4085822105407715,0.9891393184661865,1.797422170639038,2.7913784980773926,1.6181637048721313,0.018460351573262798,4,4,0,7892,17035,89060,1675
train,Train/105-2,data/raw/indoorcd_ply\Train\105-2,200062,237368,-2.0740084648132324,-1.7658110857009888,-1.010802984237671,1.5151958465576172,1.7015031576156616,1.3168033361434937,3.5892043113708496,3.4673142433166504,2.327606201171875,0.0020390280071450237,11,7,4,21603,37484,236884,484
train,Train/105-3,data/raw/indoorcd_ply\Train\105-3,200062,222556,-1.898917555809021,-1.7658110857009888,-1.0017338991165161,1.5151958465576172,1.7197916507720947,1.2748445272445679,3.4141135215759277,3.485602855682373,2.276578426361084,0.0023185175865849494,11,8,3,21509,30580,222040,516
train,Train/105-4,data/raw/indoorcd_ply\Train\105-4,200062,234650,-1.7583849430084229,-1.7658110857009888,-0.9807138442993164,1.5170867443084717,1.6847620010375977,1.3139911890029907,3.2754716873168945,3.450572967529297,2.2947049140930176,0.0008864265927977839,10,8,2,22054,29947,234442,208
train,Train/105-5,data/raw/indoorcd_ply\Train\105-5,200062,266827,-2.2967684268951416,-1.7658110857009888,-0.9986554980278015,1.5151958465576172,1.7184393405914307,1.6112362146377563,3.811964273452759,3.484250545501709,2.609891653060913,0.003402953973923179,12,7,5,20660,34822,265919,908
train,Train/107-2,data/raw/indoorcd_ply\Train\107-2,133244,131717,-2.3426871299743652,-1.4625760316848755,-0.8177895545959473,2.3975069522857666,1.3683035373687744,0.9958602786064148,4.740194320678711,2.8308796882629395,1.8136498928070068,0.006855607097033792,10,8,2,9636,12288,130814,903
train,Train/107-3,data/raw/indoorcd_ply\Train\107-3,133244,163316,-2.4935336112976074,-1.4673935174942017,-0.8546056747436523,2.3823649883270264,1.3670470714569092,1.5781418085098267,4.875898361206055,2.8344407081604004,2.4327473640441895,0.0006429253716720958,13,8,5,9296,19435,163211,105
train,Train/107-5,data/raw/indoorcd_ply\Train\107-5,133244,145689,-2.3611977100372314,-1.4560997486114502,-0.8907201290130615,2.3823649883270264,1.375950574874878,0.8842679262161255,4.743562698364258,2.832050323486328,1.774988055229187,0.011208807802922664,11,7,4,12306,16607,144056,1633
train,Train/108-2,data/raw/indoorcd_ply\Train\108-2,230459,205902,-1.5475084781646729,-1.4261223077774048,-1.2778491973876953,1.561104655265808,1.5046273469924927,1.531967282295227,3.1086130142211914,2.9307496547698975,2.809816360473633,0.0,11,10,1,17360,16428,205902,0
train,Train/108-3,data/raw/indoorcd_ply\Train\108-3,230459,212483,-1.5397627353668213,-1.4300205707550049,-1.3314814567565918,1.561104655265808,1.5046273469924927,1.3419109582901,3.10086727142334,2.934648036956787,2.6733922958374023,0.0005035696973404931,11,10,1,17275,15886,212376,107
train,Train/108-4,data/raw/indoorcd_ply\Train\108-4,230459,236061,-1.550784707069397,-1.4261223077774048,-1.3622050285339355,1.561104655265808,1.5118162631988525,1.5682731866836548,3.111889362335205,2.937938690185547,2.930478096008301,0.0034524974476936045,11,10,1,17986,18719,235246,815
train,Train/108-5,data/raw/indoorcd_ply\Train\108-5,230459,223744,-1.601658821105957,-1.4261223077774048,-1.2874056100845337,1.561104655265808,1.5198036432266235,2.510162115097046,3.1627635955810547,2.9459259510040283,3.797567844390869,0.004129719679633867,12,10,2,18015,15368,222820,924
train,Train/109-2,data/raw/indoorcd_ply\Train\109-2,60471,63720,-0.8744367361068726,-1.401813268661499,-0.5263080596923828,0.9256447553634644,1.4988294839859009,0.678617000579834,1.800081491470337,2.9006428718566895,1.2049250602722168,0.01115819209039548,4,3,1,19451,20580,63009,711
train,Train/109-3,data/raw/indoorcd_ply\Train\109-3,60471,65692,-0.8744367361068726,-1.4106076955795288,-0.5287178158760071,1.1030550003051758,1.5009512901306152,0.8723716735839844,1.9774917364120483,2.9115591049194336,1.4010894298553467,0.06388905802837484,4,3,1,19545,20377,61495,4197
train,Train/109-4,data/raw/indoorcd_ply\Train\109-4,60471,60382,-0.8744367361068726,-1.401813268661499,-0.5282562971115112,0.8634451031684875,1.5069032907485962,0.7632291316986084,1.7378818988800049,2.9087166786193848,1.2914854288101196,0.08071941969461098,4,3,1,19444,18760,55508,4874
train,Train/109-5,data/raw/indoorcd_ply\Train\109-5,60471,59825,-0.8744367361068726,-1.4049072265625,-0.5256636142730713,0.8634451031684875,1.5181429386138916,0.8532546758651733,1.7378818988800049,2.9230501651763916,1.3789182901382446,0.12269118261596322,4,3,1,19496,19138,52485,7340
train,Train/110-2,data/raw/indoorcd_ply\Train\110-2,65748,60098,-0.748260498046875,-1.4404493570327759,-0.6644968390464783,0.6558459997177124,1.522963285446167,0.8732236623764038,1.4041064977645874,2.9634127616882324,1.5377204418182373,0.0,4,4,0,12258,10560,60098,0
train,Train/110-3,data/raw/indoorcd_ply\Train\110-3,65748,73824,-0.7194635272026062,-1.4404493570327759,-0.6725359559059143,0.6632157564163208,1.522963285446167,0.9118625521659851,1.3826792240142822,2.9634127616882324,1.5843985080718994,0.0181648244473342,4,4,0,12267,13916,72483,1341
train,Train/110-4,data/raw/indoorcd_ply\Train\110-4,65748,65779,-0.6926819682121277,-1.4421873092651367,-0.6851357817649841,0.6693788170814514,1.522963285446167,0.8732236623764038,1.362060785293579,2.9651505947113037,1.5583593845367432,0.03718511987108348,4,4,0,12323,12565,63333,2446
train,Train/110-5,data/raw/indoorcd_ply\Train\110-5,65748,66682,-0.6926819682121277,-1.4404493570327759,-0.6611646413803101,0.6562570333480835,1.522963285446167,0.8732236623764038,1.3489389419555664,2.9634127616882324,1.5343883037567139,0.0562670585765274,4,4,0,12254,12747,62930,3752
train,Train/112-2,data/raw/indoorcd_ply\Train\112-2,224160,206298,-1.9186954498291016,-1.3447071313858032,-1.389441967010498,1.9048844575881958,1.391428828239441,1.4781756401062012,3.823579788208008,2.736135959625244,2.867617607116699,0.004236589787588828,12,10,2,17883,17983,205424,874
train,Train/112-3,data/raw/indoorcd_ply\Train\112-3,224160,222636,-1.920588493347168,-1.3235074281692505,-1.3990191221237183,1.9048844575881958,1.3873976469039917,1.4700819253921509,3.825472831726074,2.710905075073242,2.869101047515869,0.008844032411649508,12,10,2,17967,18045,220667,1969
train,Train/112-4,data/raw/indoorcd_ply\Train\112-4,224160,254543,-2.2038986682891846,-1.458493709564209,-1.4169713258743286,2.0943853855133057,1.4213029146194458,1.6420902013778687,4.29828405380249,2.8797965049743652,3.0590615272521973,0.029645285865256558,14,13,1,14840,16613,246997,7546
train,Train/112-5,data/raw/indoorcd_ply\Train\112-5,224160,239035,-2.541470527648926,-1.322853446006775,-1.3969342708587646,1.9071900844573975,1.3873976469039917,1.7317296266555786,4.448660850524902,2.7102510929107666,3.128664016723633,0.05173300981027883,16,13,3,13735,17832,226669,12366
train,Train/113-2,data/raw/indoorcd_ply\Train\113-2,139597,100321,-1.4989248514175415,-1.8837919235229492,-1.0871918201446533,0.7761241793632507,1.4506300687789917,1.0893291234970093,2.2750489711761475,3.3344221115112305,2.176520824432373,0.004047009100786475,12,12,0,10915,9450,99915,406
train,Train/113-3,data/raw/indoorcd_ply\Train\113-3,139597,93720,-1.4989248514175415,-1.8837919235229492,-1.0871918201446533,0.7842267751693726,1.4506300687789917,1.0964564085006714,2.283151626586914,3.3344221115112305,2.183648109436035,0.018715322236448995,12,12,0,10915,9289,91966,1754
train,Train/116-2,data/raw/indoorcd_ply\Train\116-2,160060,198087,-2.5057859420776367,-1.7185840606689453,-0.7839977741241455,1.8087023496627808,1.7361093759536743,0.8695336580276489,4.314488410949707,3.45469331741333,1.6535314321517944,0.0018830110002170763,10,7,3,13808,24769,197714,373
train,Train/116-3,data/raw/indoorcd_ply\Train\116-3,160060,219134,-2.7979772090911865,-1.7102792263031006,-0.8602334260940552,2.070507287979126,1.7361093759536743,1.112866997718811,4.8684844970703125,3.4463887214660645,1.9731004238128662,0.004253105405824746,11,8,3,10056,20377,218202,932
train,Train/116-4,data/raw/indoorcd_ply\Train\116-4,160060,186324,-2.3357372283935547,-1.722792625427246,-0.8102312088012695,2.4904160499572754,1.7361093759536743,0.9742943644523621,4.82615327835083,3.458901882171631,1.7845256328582764,0.0019589532212704753,10,6,4,26175,30485,185959,365
train,Train/116-5,data/raw/indoorcd_ply\Train\116-5,160060,207609,-2.6212387084960938,-1.7192919254302979,-0.8137179017066956,2.0771501064300537,1.7361093759536743,1.0450217723846436,4.698389053344727,3.4554014205932617,1.8587396144866943,0.0018448140494872573,12,8,4,10735,16703,207226,383
train,Train/117-2,data/raw/indoorcd_ply\Train\117-2,198302,407797,-4.648524284362793,-1.6970038414001465,-0.8491588830947876,4.224091053009033,1.760489583015442,2.990189790725708,8.872615814208984,3.457493305206299,3.839348793029785,0.0008018695576475551,27,11,16,13886,20372,407470,327
train,Train/117-3,data/raw/indoorcd_ply\Train\117-3,198302,162432,-2.7080321311950684,-1.6494523286819458,-0.803352952003479,2.7292070388793945,1.6743321418762207,0.8406268954277039,5.437239170074463,3.323784351348877,1.643979787826538,0.009930309298660362,12,10,2,16543,7926,160819,1613
train,Train/117-4,data/raw/indoorcd_ply\Train\117-4,198302,171910,-2.7080321311950684,-1.652998685836792,-0.7927187085151672,2.7292070388793945,1.6693508625030518,1.3046774864196777,5.437239170074463,3.3223495483398438,2.0973961353302,0.039910418242103424,13,9,4,17452,13763,165049,6861
train,Train/117-5,data/raw/indoorcd_ply\Train\117-5,198302,175101,-2.7080321311950684,-1.6494523286819458,-0.7927187085151672,2.7292070388793945,1.6816987991333008,1.2166390419006348,5.437239170074463,3.331151008605957,2.0093576908111572,0.05175869926499563,13,11,2,15700,12043,166038,9063
train,Train/118-2,data/raw/indoorcd_ply\Train\118-2,87311,74166,-1.3574156761169434,-1.4891363382339478,-0.9587349891662598,1.18169367313385,1.4475122690200806,0.846015989780426,2.539109230041504,2.9366486072540283,1.804750919342041,0.0022112558315130924,8,8,0,10019,8993,74002,164
train,Train/118-3,data/raw/indoorcd_ply\Train\118-3,87311,79059,-1.3574156761169434,-1.5042058229446411,-0.9587349891662598,1.18169367313385,1.4521143436431885,0.846015989780426,2.539109230041504,2.956320285797119,1.804750919342041,0.015178537547907258,8,8,0,10091,9673,77859,1200
train,Train/118-4,data/raw/indoorcd_ply\Train\118-4,87311,71028,-1.3574156761169434,-1.477692723274231,-0.9587349891662598,1.18169367313385,1.4325307607650757,0.846015989780426,2.539109230041504,2.9102234840393066,1.804750919342041,0.030227515909218898,8,8,0,9930,7432,68881,2147
train,Train/121-2,data/raw/indoorcd_ply\Train\121-2,170810,188831,-1.6182950735092163,-1.4333852529525757,-0.8390112519264221,1.5963099002838135,1.4041813611984253,0.8530271053314209,3.2146048545837402,2.837566614151001,1.6920382976531982,0.0011174012741551969,8,8,0,15456,14876,188620,211
train,Train/121-3,data/raw/indoorcd_ply\Train\121-3,170810,209705,-1.6182950735092163,-1.4505983591079712,-0.8390112519264221,1.574410319328308,1.4041813611984253,0.8988701701164246,3.1927053928375244,2.8547797203063965,1.7378814220428467,0.00193128442335662,8,8,0,15541,17896,209300,405
train,Train/121-4,data/raw/indoorcd_ply\Train\121-4,170810,194575,-1.6182950735092163,-1.4333852529525757,-0.8390112519264221,1.574410319328308,1.434761643409729,1.1314512491226196,3.1927053928375244,2.8681468963623047,1.9704625606536865,0.0056996016960041114,8,8,0,15456,17102,193466,1109
train,Train/121-5,data/raw/indoorcd_ply\Train\121-5,170810,182771,-1.6182950735092163,-1.4333852529525757,-0.8390112519264221,1.574410319328308,1.4087282419204712,0.9466400742530823,3.1927053928375244,2.842113494873047,1.7856513261795044,0.011993149897959741,8,8,0,15456,17095,180579,2192
train,Train/122-2,data/raw/indoorcd_ply\Train\122-2,179998,215510,-1.0820082426071167,-1.3402795791625977,-1.1463582515716553,1.1404374837875366,1.3959578275680542,3.6308047771453857,2.2224457263946533,2.7362375259399414,4.777163028717041,0.004213261565588604,14,10,4,4880,12760,214602,908
train,Train/122-3,data/raw/indoorcd_ply\Train\122-3,179998,205313,-1.05983304977417,-1.3515338897705078,-1.1371104717254639,1.1343131065368652,1.3964735269546509,1.7801886796951294,2.194146156311035,2.748007297515869,2.917299270629883,0.02186417810854646,12,10,2,4357,9205,200824,4489
train,Train/122-4,data/raw/indoorcd_ply\Train\122-4,179998,191599,-1.0636649131774902,-1.3427586555480957,-1.1745434999465942,1.1710641384124756,1.4034687280654907,2.3803884983062744,2.234729051589966,2.746227264404297,3.554932117462158,0.04623719330476673,13,10,3,4955,13405,182740,8859
train,Train/122-5,data/raw/indoorcd_ply\Train\122-5,179998,195862,-1.0760751962661743,-1.334598422050476,-1.1806409358978271,1.0410304069519043,1.389955759048462,1.3436459302902222,2.117105484008789,2.7245540618896484,2.5242867469787598,0.11062380655767837,11,10,1,5204,7334,174195,21667
train,Train/125-3,data/raw/indoorcd_ply\Train\125-3,112464,92543,-3.0697576999664307,-1.4506107568740845,-1.5849812030792236,2.5972654819488525,1.45827317237854,1.104912281036377,5.667023181915283,2.908884048461914,2.6898934841156006,0.0036091330516624704,15,10,5,7641,5400,92209,334
train,Train/125-4,data/raw/indoorcd_ply\Train\125-4,112464,101623,-3.0697576999664307,-1.4506107568740845,-1.4269516468048096,2.5972654819488525,1.4449299573898315,0.9781022071838379,5.667023181915283,2.895540714263916,2.4050538539886475,0.030317939836454345,14,11,3,7831,4423,98542,3081
train,Train/125-5,data/raw/indoorcd_ply\Train\125-5,112464,117383,-3.0697576999664307,-1.4506107568740845,-1.5728793144226074,2.5972654819488525,1.4136686325073242,1.044247031211853,5.667023181915283,2.864279270172119,2.61712646484375,0.0447935390985066,17,12,5,7562,7344,112125,5258
train,Train/126-2,data/raw/indoorcd_ply\Train\126-2,184687,397050,-2.5268969535827637,-1.7916687726974487,-1.4068527221679688,2.008389472961426,1.5145927667617798,3.462829351425171,4.5352864265441895,3.3062615394592285,4.869682312011719,0.003669563027326533,22,12,10,12604,18869,395593,1457
train,Train/126-3,data/raw/indoorcd_ply\Train\126-3,184687,200489,-1.3311647176742554,-1.5670256614685059,-1.4068527221679688,1.2897921800613403,1.5132533311843872,1.4376466274261475,2.6209568977355957,3.0802788734436035,2.844499349594116,0.057753791978612294,11,9,2,16377,10139,188910,11579
train,Train/126-4,data/raw/indoorcd_ply\Train\126-4,184687,226911,-1.2465940713882446,-1.5670256614685059,-1.4068548679351807,2.031628370285034,1.5132533311843872,1.4990272521972656,3.2782225608825684,3.0802788734436035,2.9058821201324463,0.04710657482449066,11,9,2,16751,22851,216222,10689
train,Train/126-5,data/raw/indoorcd_ply\Train\126-5,184687,219305,-1.3348782062530518,-1.5670256614685059,-1.467260479927063,1.7288349866867065,1.5200822353363037,1.5735596418380737,3.0637130737304688,3.0871078968048096,3.0408201217651367,0.08335423268963316,12,9,3,17932,19913,201025,18280
train,Train/127-2,data/raw/indoorcd_ply\Train\127-2,103188,113004,-1.3518905639648438,-1.1083099842071533,-0.8862445950508118,1.0803673267364502,1.0700511932373047,0.9602175354957581,2.432257890701294,2.178361177444458,1.8464621305465698,0.0044157728929949385,7,6,1,11071,10492,112505,499
train,Train/127-3,data/raw/indoorcd_ply\Train\127-3,103188,119879,-1.109458565711975,-1.1501837968826294,-0.9600834846496582,1.0803673267364502,1.0703128576278687,0.9122486114501953,2.189826011657715,2.220496654510498,1.8723320960998535,0.008975717181491337,6,6,0,9030,9986,118803,1076
train,Train/127-4,data/raw/indoorcd_ply\Train\127-4,103188,117975,-1.1687748432159424,-1.1083099842071533,-0.9800875782966614,1.0918091535568237,1.0745424032211304,0.9685195684432983,2.2605838775634766,2.182852268218994,1.9486072063446045,0.009959737232464506,6,6,0,8502,10587,116800,1175
train,Train/127-5,data/raw/indoorcd_ply\Train\127-5,103188,112373,-1.3561313152313232,-1.1083099842071533,-0.8739582300186157,1.0857224464416504,1.0700511932373047,0.9570328593254089,2.4418537616729736,2.178361177444458,1.8309910297393799,0.005321563008907833,8,6,2,11641,10159,111775,598
train,Train/128-2,data/raw/indoorcd_ply\Train\128-2,183029,248930,-4.751710414886475,-1.813170075416565,-1.0225735902786255,4.573533535003662,1.6705902814865112,1.277459740638733,9.325243949890137,3.483760356903076,2.3000333309173584,0.0014220865303498976,19,9,10,19828,24647,248576,354
train,Train/128-3,data/raw/indoorcd_ply\Train\128-3,183029,244004,-3.4311726093292236,-1.7715110778808594,-2.0343754291534424,3.889220714569092,1.644316554069519,1.2637330293655396,7.3203935623168945,3.415827751159668,3.2981085777282715,0.006049081162603892,18,9,9,18830,24460,242528,1476
train,Train/128-5,data/raw/indoorcd_ply\Train\128-5,183029,226336,-3.464517831802368,-1.7294139862060547,-1.3785048723220825,2.608485221862793,1.6506376266479492,1.2283713817596436,6.073002815246582,3.380051612854004,2.6068763732910156,0.011460836985720344,15,12,3,10259,14720,223742,2594
train,Train/129-2,data/raw/indoorcd_ply\Train\129-2,64513,68849,-0.8017443418502808,-1.3732683658599854,-0.7111299633979797,0.6026400923728943,1.3526440858840942,0.8992227911949158,1.4043843746185303,2.725912570953369,1.6103527545928955,0.0,4,4,0,12333,12515,68849,0
train,Train/129-3,data/raw/indoorcd_ply\Train\129-3,64513,70381,-0.9222935438156128,-1.3768078088760376,-0.710351824760437,0.603168785572052,1.3526440858840942,0.9937875866889954,1.5254623889923096,2.729451894760132,1.7041394710540771,0.054233386851565056,4,4,0,12360,12716,66564,3817
train,Train/129-4,data/raw/indoorcd_ply\Train\129-4,64513,80234,-1.0152344703674316,-1.3774375915527344,-0.7142370939254761,0.6026400923728943,1.357057809829712,1.0630046129226685,1.6178746223449707,2.7344954013824463,1.7772417068481445,0.004387167534960241,4,4,0,12374,15370,79882,352
train,Train/129-5,data/raw/indoorcd_ply\Train\129-5,64513,84826,-2.0876431465148926,-1.3832272291183472,-0.7411575317382812,0.6687443256378174,1.3526440858840942,1.014670729637146,2.75638747215271,2.7358713150024414,1.7558282613754272,0.052590007780633295,8,7,1,6929,11437,80365,4461
train,Train/130-2,data/raw/indoorcd_ply\Train\130-2,38924,61653,-0.48261189460754395,-1.233876347541809,-0.46616870164871216,0.8212397694587708,1.5297255516052246,0.6947827339172363,1.30385160446167,2.763601779937744,1.1609513759613037,0.003276401797155045,4,2,2,19462,30450,61451,202
train,Train/130-3,data/raw/indoorcd_ply\Train\130-3,38924,52819,-0.48261189460754395,-1.233876347541809,-0.4441555440425873,0.6508969664573669,1.5342705249786377,0.5998959541320801,1.1335089206695557,2.7681469917297363,1.0440515279769897,0.007440504363959938,4,2,2,19462,26311,52426,393
train,Train/130-4,data/raw/indoorcd_ply\Train\130-4,38924,53803,-0.4834345579147339,-1.233876347541809,-0.45133310556411743,0.7776614427566528,1.5798225402832031,0.6433848142623901,1.2610960006713867,2.8136987686157227,1.0947179794311523,0.0066167314090292365,4,2,2,19462,26773,53447,356
train,Train/130-5,data/raw/indoorcd_ply\Train\130-5,38924,60186,-0.48261189460754395,-1.233876347541809,-0.43631380796432495,0.852659285068512,1.5544986724853516,0.7199344635009766,1.3352711200714111,2.788374900817871,1.1562483310699463,0.017445917655268667,4,2,2,19462,29831,59136,1050
train,Train/131-2,data/raw/indoorcd_ply\Train\131-2,147294,189160,-2.921278715133667,-1.655805230140686,-0.9525328278541565,1.9692504405975342,1.7822916507720947,1.1656928062438965,4.890529155731201,3.4380970001220703,2.118225574493408,0.0026274053711144007,13,9,4,13099,15512,188663,497
train,Train/131-3,data/raw/indoorcd_ply\Train\131-3,147294,164298,-2.444690227508545,-1.6323082447052002,-0.9800726175308228,2.063113212585449,1.7822916507720947,0.9758843183517456,4.507803440093994,3.414599895477295,1.9559569358825684,0.023840825816504155,10,7,3,19135,18444,160381,3917
train,Train/131-4,data/raw/indoorcd_ply\Train\131-4,147294,174330,-2.4023032188415527,-1.6323082447052002,-0.9882426261901855,2.0138919353485107,1.7822916507720947,1.0098680257797241,4.416194915771484,3.414599895477295,1.9981106519699097,0.010927551196007572,10,7,3,19688,19566,172425,1905
train,Train/132-2,data/raw/indoorcd_ply\Train\132-2,196571,206290,-2.658057928085327,-1.7020245790481567,-0.9461263418197632,2.54487943649292,1.6832044124603271,0.9327759742736816,5.202937126159668,3.3852291107177734,1.8789023160934448,0.03985651267632944,11,9,2,21502,23454,198068,8222
train,Train/132-3,data/raw/indoorcd_ply\Train\132-3,196571,198517,-2.537522792816162,-1.6801366806030273,-0.9461263418197632,2.5451295375823975,1.7306492328643799,1.0488675832748413,5.0826520919799805,3.4107859134674072,1.9949939250946045,0.0036067440068105,11,9,2,19098,25855,197801,716
train,Train/132-4,data/raw/indoorcd_ply\Train\132-4,196571,178999,-2.3119678497314453,-1.7221962213516235,-0.9461263418197632,2.459744930267334,1.6575065851211548,0.9327759742736816,4.771712779998779,3.3797028064727783,1.8789023160934448,0.04503935776177521,11,11,0,11145,13282,170937,8062
train,Train/132-5,data/raw/indoorcd_ply\Train\132-5,196571,240903,-2.4812936782836914,-1.7032947540283203,-0.9461263418197632,2.5207390785217285,1.6501033306121826,1.303195595741272,5.00203275680542,3.353398084640503,2.249321937561035,0.06259780907668232,14,11,3,16140,22860,225823,15080
train,Train/134-3,data/raw/indoorcd_ply\Train\134-3,86180,93434,-1.663195252418518,-1.3848509788513184,-1.1823865175247192,1.1079250574111938,1.3981736898422241,1.0778837203979492,2.771120309829712,2.783024787902832,2.260270118713379,0.008476571697668942,11,8,3,8009,9147,92642,792
train,Train/134-4,data/raw/indoorcd_ply\Train\134-4,86180,91316,-1.663195252418518,-1.3848509788513184,-1.1823865175247192,1.1577154397964478,1.3981736898422241,1.1461119651794434,2.820910692214966,2.783024787902832,2.328498363494873,0.007709492312409655,11,8,3,8009,9219,90612,704
train,Train/134-5,data/raw/indoorcd_ply\Train\134-5,86180,99557,-1.663195252418518,-1.3848509788513184,-1.1823865175247192,1.125914216041565,1.3981736898422241,1.3239423036575317,2.789109468460083,2.783024787902832,2.506328821182251,0.023755235694124972,12,8,4,8009,9904,97192,2365
train,Train/135-2,data/raw/indoorcd_ply\Train\135-2,154296,174291,-1.0086196660995483,-1.468003749847412,-3.573740243911743,1.0927329063415527,1.6104141473770142,2.2208611965179443,2.1013526916503906,3.0784177780151367,5.7946014404296875,0.0031613795319322285,16,8,8,13641,16931,173740,551
train,Train/135-3,data/raw/indoorcd_ply\Train\135-3,154296,166774,-0.9731508493423462,-1.468003749847412,-3.4842612743377686,1.0689282417297363,1.627148985862732,2.5618789196014404,2.042078971862793,3.0951528549194336,6.046140193939209,0.004676988019715303,13,10,3,8349,14813,165994,780
train,Train/135-5,data/raw/indoorcd_ply\Train\135-5,154296,172799,-1.060896635055542,-1.4759466648101807,-3.401705503463745,1.3699367046356201,1.7149405479431152,1.9733964204788208,2.430833339691162,3.190887212753296,5.3751020431518555,0.011180620258219087,16,10,6,8159,9379,170867,1932
train,Train/136-2,data/raw/indoorcd_ply\Train\136-2,141094,158303,-2.0781126022338867,-1.243623971939087,-1.1415644884109497,1.1186376810073853,1.3296869993209839,1.545413613319397,3.1967501640319824,2.5733108520507812,2.6869781017303467,0.0004674579761596432,12,11,1,10788,10428,158229,74
train,Train/136-3,data/raw/indoorcd_ply\Train\136-3,141094,171132,-1.6485899686813354,-1.243623971939087,-1.1874219179153442,1.1186376810073853,1.3045220375061035,2.2264535427093506,2.7672276496887207,2.5481460094451904,3.4138755798339844,0.006345978542879181,14,12,2,7976,10872,170046,1086
train,Train/136-4,data/raw/indoorcd_ply\Train\136-4,141094,179462,-1.7263002395629883,-1.243623971939087,-1.1806002855300903,1.1186376810073853,1.2588516473770142,1.8254115581512451,2.844937801361084,2.5024757385253906,3.006011962890625,0.06506669935696693,13,12,1,8018,13835,167785,11677
train,Train/136-5,data/raw/indoorcd_ply\Train\136-5,141094,176923,-1.7952420711517334,-1.243623971939087,-1.1814393997192383,1.1186376810073853,1.2588516473770142,2.32503342628479,2.913879871368408,2.5024757385253906,3.5064728260040283,0.12966657811590354,14,12,2,8565,11796,153982,22941
train,Train/137-2,data/raw/indoorcd_ply\Train\137-2,64942,71542,-0.6999238133430481,-1.3466339111328125,-2.2176921367645264,0.702332079410553,1.6073507070541382,-0.42128288745880127,1.402255892753601,2.9539847373962402,1.796409249305725,0.0343434625814207,4,4,0,14198,15604,69085,2457
train,Train/137-3,data/raw/indoorcd_ply\Train\137-3,64942,75236,-0.7026990056037903,-1.3535518646240234,-2.192941427230835,0.8334136605262756,1.6073507070541382,-0.2703076899051666,1.536112666130066,2.960902690887451,1.9226337671279907,0.008121112233505237,4,4,0,14100,16884,74625,611
train,Train/137-4,data/raw/indoorcd_ply\Train\137-4,64942,76154,-0.7298963069915771,-1.3466339111328125,-2.192941427230835,0.757402777671814,1.6073507070541382,-0.37164220213890076,1.4872990846633911,2.9539847373962402,1.8212991952896118,0.05412716337946792,4,4,0,14070,16270,72032,4122
train,Train/137-5,data/raw/indoorcd_ply\Train\137-5,64942,82137,-0.7015576362609863,-1.3618836402893066,-2.192941427230835,0.7269172072410583,1.6073507070541382,-0.16344264149665833,1.4284749031066895,2.9692344665527344,2.029498815536499,0.09092126569024922,5,4,1,14133,17408,74669,7468
train,Train/138-2,data/raw/indoorcd_ply\Train\138-2,100349,100338,-1.2052069902420044,-1.5721280574798584,-1.0362735986709595,0.9071997404098511,1.3906118869781494,1.014596939086914,2.1124067306518555,2.962739944458008,2.050870418548584,0.0017839701807889335,9,8,1,7524,7055,100159,179
train,Train/138-3,data/raw/indoorcd_ply\Train\138-3,100349,109755,-1.1818491220474243,-1.4428762197494507,-1.027256727218628,0.9071997404098511,1.3868576288223267,1.063777208328247,2.0890488624572754,2.8297338485717773,2.091033935546875,0.002505580611361669,9,7,2,10867,9501,109480,275
train,Train/138-4,data/raw/indoorcd_ply\Train\138-4,100349,100149,-0.973215639591217,-1.4454842805862427,-1.1954622268676758,1.0795212984085083,1.4114121198654175,1.014596939086914,2.05273699760437,2.85689640045166,2.21005916595459,0.006480344287012351,7,6,1,17102,15107,99500,649
train,Train/139-2,data/raw/indoorcd_ply\Train\139-2,159461,164763,-2.1340107917785645,-1.430177092552185,-0.7670467495918274,2.1154775619506836,1.4203370809555054,0.8378241062164307,4.249488353729248,2.8505141735076904,1.6048707962036133,0.0033017121562486725,9,6,3,18771,19932,164219,544
train,Train/139-3,data/raw/indoorcd_ply\Train\139-3,159461,147328,-2.115274667739868,-1.4770208597183228,-0.8084757924079895,2.285255193710327,1.4688811302185059,1.0808327198028564,4.400529861450195,2.945901870727539,1.8893084526062012,0.008029702432667245,9,7,2,17422,17652,146145,1183
train,Train/139-4,data/raw/indoorcd_ply\Train\139-4,159461,169221,-2.1846325397491455,-1.4002188444137573,-0.7789226174354553,2.1154775619506836,1.414072036743164,0.8378241062164307,4.30010986328125,2.814291000366211,1.6167466640472412,0.003959319469805757,11,7,4,15890,20131,168551,670
train,Train/139-5,data/raw/indoorcd_ply\Train\139-5,159461,156630,-2.0116536617279053,-1.3934710025787354,-0.7875859141349792,2.2119569778442383,1.4022715091705322,0.8957943320274353,4.223610877990723,2.7957425117492676,1.6833802461624146,0.016056949498818873,10,8,2,11709,10043,154115,2515
train,Train/141-2,data/raw/indoorcd_ply\Train\141-2,77801,82848,-0.884766697883606,-1.4289556741714478,-0.48138144612312317,0.8514435291290283,1.4330133199691772,0.5554428100585938,1.7362102270126343,2.861968994140625,1.0368242263793945,0.0050453843182696025,4,2,2,38881,41397,82430,418
train,Train/141-3,data/raw/indoorcd_ply\Train\141-3,77801,82682,-0.9044514894485474,-1.4289556741714478,-0.48138144612312317,0.856941282749176,1.4330133199691772,0.5519192218780518,1.7613928318023682,2.861968994140625,1.0333006381988525,0.017851527539246754,4,2,2,38881,41313,81206,1476
train,Train/141-4,data/raw/indoorcd_ply\Train\141-4,77801,83346,-0.8929784893989563,-1.4289556741714478,-0.4870453476905823,0.8514435291290283,1.4330133199691772,0.6563582420349121,1.7444219589233398,2.861968994140625,1.1434035301208496,0.019641014565786,4,2,2,38873,41343,81709,1637
train,Train/142-2,data/raw/indoorcd_ply\Train\142-2,84140,91533,-0.8126107454299927,-1.4978504180908203,-0.7793613076210022,0.8236970901489258,1.283271074295044,1.0354626178741455,1.6363078355789185,2.7811214923858643,1.814823865890503,0.0006992013809227273,4,4,0,15285,18951,91469,64
train,Train/142-3,data/raw/indoorcd_ply\Train\142-3,84140,100331,-0.8126107454299927,-1.5049583911895752,-0.7772856950759888,0.9581177830696106,1.283271074295044,1.1362940073013306,1.770728588104248,2.788229465484619,1.9135797023773193,0.00117610708554684,4,4,0,15344,21179,100213,118
train,Train/142-4,data/raw/indoorcd_ply\Train\142-4,84140,100039,-0.8418111801147461,-1.4923758506774902,-0.7925127148628235,0.9005855917930603,1.2915623188018799,1.203083872795105,1.7423968315124512,2.78393816947937,1.9955966472625732,0.0032287407910914744,4,4,0,15301,22433,99716,323
train,Train/142-5,data/raw/indoorcd_ply\Train\142-5,84140,106175,-0.8126107454299927,-1.4914309978485107,-0.7806859612464905,0.8236970901489258,1.291045069694519,1.1859703063964844,1.6363078355789185,2.7824759483337402,1.96665620803833,0.004690369672710149,4,4,0,15213,22910,105677,498
train,Train/143-2,data/raw/indoorcd_ply\Train\143-2,77865,89441,-0.4385388493537903,-1.6123924255371094,-0.865932822227478,1.470603585243225,1.1705442667007446,0.6709842085838318,1.9091424942016602,2.7829365730285645,1.536916971206665,0.0,4,4,0,14093,16660,89441,0
train,Train/143-3,data/raw/indoorcd_ply\Train\143-3,77865,92538,-0.4906863868236542,-1.7011830806732178,-0.869965136051178,1.4616155624389648,1.1230692863464355,0.7187121510505676,1.9523019790649414,2.8242523670196533,1.5886772871017456,0.0003349975145345696,4,4,0,14721,17784,92507,31
train,Train/143-4,data/raw/indoorcd_ply\Train\143-4,77865,89257,-0.3359636664390564,-1.6231282949447632,-0.8411201238632202,1.466313362121582,1.1157885789871216,0.8616726994514465,1.8022770881652832,2.7389168739318848,1.7027928829193115,0.12551396529123765,4,4,0,14017,17494,78054,11203
train,Train/143-5,data/raw/indoorcd_ply\Train\143-5,77865,100769,-0.46954551339149475,-1.6123924255371094,-0.8551095128059387,1.4616155624389648,1.1596417427062988,0.8243443965911865,1.9311610460281372,2.772034168243408,1.6794538497924805,0.07844674453452948,4,4,0,14023,20282,92864,7905
train,Train/144-2,data/raw/indoorcd_ply\Train\144-2,71693,82552,-0.6931741833686829,-1.3567028045654297,-0.7458522319793701,0.8639149069786072,1.3785215616226196,0.9086406230926514,1.55708909034729,2.7352242469787598,1.6544928550720215,0.0,4,4,0,12048,15138,82552,0
train,Train/144-3,data/raw/indoorcd_ply\Train\144-3,71693,87622,-0.7080844044685364,-1.370462417602539,-0.7452805638313293,0.8853021860122681,1.3785215616226196,1.0937564373016357,1.5933866500854492,2.748983860015869,1.8390369415283203,0.007543767546963092,4,4,0,12140,16804,86961,661
train,Train/144-4,data/raw/indoorcd_ply\Train\144-4,71693,82912,-0.6921403408050537,-1.373030662536621,-0.7434515953063965,0.8299214243888855,1.3785215616226196,0.9052244424819946,1.522061824798584,2.751552104949951,1.6486760377883911,0.0370754534928599,4,4,0,12136,15336,79838,3074
train,Train/144-5,data/raw/indoorcd_ply\Train\144-5,71693,93067,-0.698712170124054,-1.353493332862854,-0.7497154474258423,0.8525207042694092,1.3785215616226196,1.2401131391525269,1.5512328147888184,2.7320148944854736,1.9898285865783691,0.055841490539074,4,4,0,12048,18243,87870,5197
train,Train/145-2,data/raw/indoorcd_ply\Train\145-2,144683,142026,-0.9988282322883606,-1.3818767070770264,-0.8314145803451538,1.012719988822937,1.3864028453826904,1.0004642009735107,2.0115482807159424,2.768279552459717,1.8318787813186646,0.0007956289693436413,5,4,1,29756,27029,141913,113
train,Train/145-3,data/raw/indoorcd_ply\Train\145-3,144683,147576,-1.0018905401229858,-1.4165091514587402,-0.9083465933799744,1.533257007598877,1.4125025272369385,1.0780082941055298,2.5351476669311523,2.8290116786956787,1.9863548278808594,0.013701414864205562,7,4,3,30887,30108,145554,2022
train,Train/145-4,data/raw/indoorcd_ply\Train\145-4,144683,158980,-0.9988282322883606,-1.3906612396240234,-0.8264967799186707,1.015380859375,1.3932480812072754,1.0994333028793335,2.014209032058716,2.783909320831299,1.9259300231933594,0.004038243804252107,5,4,1,29833,33218,158338,642
train,Train/145-5,data/raw/indoorcd_ply\Train\145-5,144683,168364,-1.0076954364776611,-1.4144212007522583,-0.8223544359207153,1.1035408973693848,1.3859518766403198,1.2638115882873535,2.111236333847046,2.800373077392578,2.0861659049987793,0.013833123470575658,11,5,6,23296,23402,166035,2329
train,Train/146-2,data/raw/indoorcd_ply\Train\146-2,95001,94590,-1.6017996072769165,-1.4335020780563354,-0.6361684203147888,1.6876176595687866,1.4274641275405884,0.8133667707443237,3.289417266845703,2.860966205596924,1.4495351314544678,0.0,7,6,1,12562,12500,94590,0
train,Train/146-3,data/raw/indoorcd_ply\Train\146-3,95001,106810,-2.375802755355835,-1.4335020780563354,-0.6361684203147888,1.517499566078186,1.4274641275405884,0.9618920683860779,3.8933024406433105,2.860966205596924,1.5980604887008667,0.0008707049901694598,7,5,2,16726,18972,106717,93
train,Train/146-4,data/raw/indoorcd_ply\Train\146-4,95001,117652,-2.0290403366088867,-1.4416255950927734,-0.648673951625824,1.532555103302002,1.4274641275405884,0.988968014717102,3.5615954399108887,2.8690896034240723,1.6376419067382812,0.0055672661748206575,8,6,2,12633,16045,116997,655
train,Train/150-2,data/raw/indoorcd_ply\Train\150-2,106189,124291,-1.5823758840560913,-1.3743906021118164,-0.7230558395385742,1.384450912475586,1.4626638889312744,1.3884799480438232,2.966826915740967,2.837054491043091,2.1115357875823975,0.0,8,6,2,13072,16609,124291,0
train,Train/150-3,data/raw/indoorcd_ply\Train\150-3,106189,109946,-1.4365917444229126,-1.4002330303192139,-0.8182068467140198,1.3934910297393799,1.465588927268982,0.8622514009475708,2.830082893371582,2.8658218383789062,1.6804583072662354,0.00520255398104524,8,7,1,9758,9706,109374,572
train,Train/150-4,data/raw/indoorcd_ply\Train\150-4,106189,102928,-1.4517961740493774,-1.3890916109085083,-0.6969485878944397,1.384450912475586,1.4751126766204834,1.0015811920166016,2.836246967315674,2.8642044067382812,1.6985297203063965,0.007199207212808954,7,6,1,10937,11622,102187,741
train,Train/150-5,data/raw/indoorcd_ply\Train\150-5,106189,122260,-1.4495980739593506,-1.3981413841247559,-0.7232070565223694,2.1277592182159424,1.4787044525146484,1.0129317045211792,3.577357292175293,2.8768458366394043,1.7361388206481934,0.013880255193849174,7,6,1,10852,16546,120563,1697
train,Train/155-2,data/raw/indoorcd_ply\Train\155-2,145967,147523,-1.2676002979278564,-1.5514636039733887,-1.0682828426361084,1.1172691583633423,1.6107149124145508,1.6299190521240234,2.3848695755004883,3.1621785163879395,2.698201894760132,0.010411935765948361,12,10,2,12751,9977,145987,1536
train,Train/155-3,data/raw/indoorcd_ply\Train\155-3,145967,156614,-1.1764506101608276,-1.5514636039733887,-1.0578185319900513,1.1808080673217773,1.5747519731521606,1.3293410539627075,2.3572587966918945,3.1262154579162598,2.387159585952759,0.030967857279681255,10,10,0,12769,13523,151764,4850
train,Train/155-4,data/raw/indoorcd_ply\Train\155-4,145967,180896,-1.619307518005371,-1.5624217987060547,-1.0573315620422363,1.1292740106582642,1.595947265625,1.495396375656128,2.7485814094543457,3.1583690643310547,2.5527279376983643,0.0988247390765965,11,9,2,17476,17206,163019,17877
train,Train/155-5,data/raw/indoorcd_ply\Train\155-5,145967,157051,-1.5022302865982056,-1.5645911693572998,-1.0161702632904053,1.1172691583633423,1.5772485733032227,1.3402454853057861,2.619499444961548,3.1418397426605225,2.3564157485961914,0.07514119617194415,11,9,2,16241,15823,145250,11801
train,Train/156-2,data/raw/indoorcd_ply\Train\156-2,71086,76400,-1.0141351222991943,-1.3744704723358154,-1.0016790628433228,0.9987976551055908,1.3696386814117432,1.3814095258712769,2.012932777404785,2.7441091537475586,2.3830885887145996,0.005641361256544503,6,4,2,17632,20105,75969,431
train,Train/156-3,data/raw/indoorcd_ply\Train\156-3,71086,84051,-0.7584421038627625,-1.398868203163147,-0.6566857695579529,1.006121277809143,1.3879926204681396,1.2281769514083862,1.7645633220672607,2.786860942840576,1.8848626613616943,0.015121771305516889,4,4,0,13204,18643,82780,1271
train,Train/156-4,data/raw/indoorcd_ply\Train\156-4,71086,85116,-0.7696396112442017,-1.392738938331604,-0.9508499503135681,1.077375054359436,1.3833138942718506,1.0520973205566406,1.8470146656036377,2.776052951812744,2.0029473304748535,0.009786644109215658,5,4,1,16758,20383,84283,833
train,Train/156-5,data/raw/indoorcd_ply\Train\156-5,71086,92530,-0.7660093903541565,-1.3710682392120361,-1.457552194595337,0.9744504690170288,1.3696386814117432,1.2356466054916382,1.74045991897583,2.7407069206237793,2.6931986808776855,0.020620339349400194,6,6,0,5254,9089,90622,1908
train,Train/157-2,data/raw/indoorcd_ply\Train\157-2,298546,309083,-2.080861806869507,-1.6412373781204224,-1.3581159114837646,2.118319034576416,1.600980520248413,1.4409091472625732,4.199180603027344,3.242218017578125,2.799025058746338,0.0003623622133860484,18,15,3,15010,15116,308971,112
train,Train/157-3,data/raw/indoorcd_ply\Train\157-3,298546,302116,-2.1038544178009033,-2.7388525009155273,-1.3503326177597046,2.058300256729126,1.6037284135818481,1.510056734085083,4.162154674530029,4.342580795288086,2.860389232635498,0.018161898078883607,24,19,5,13525,14167,296629,5487
train,Train/157-4,data/raw/indoorcd_ply\Train\157-4,298546,293948,-2.080861806869507,-1.6103627681732178,-1.3503326177597046,2.0735552310943604,1.6290355920791626,1.551245093345642,4.154417037963867,3.23939847946167,2.9015777111053467,0.04323553825846749,17,14,3,17133,16415,281239,12709
train,Train/157-5,data/raw/indoorcd_ply\Train\157-5,298546,330040,-2.080861806869507,-1.613061547279358,-1.3503326177597046,2.058300256729126,1.6275964975357056,1.4408892393112183,4.139162063598633,3.2406580448150635,2.791221857070923,0.04133741364683069,18,15,3,14950,15202,316397,13643
train,Train/158-2,data/raw/indoorcd_ply\Train\158-2,149736,153172,-1.6523197889328003,-1.3958990573883057,-1.5263322591781616,1.895920753479004,1.4533953666687012,1.4224073886871338,3.5482406616210938,2.849294424057007,2.948739528656006,0.01248269918784112,11,8,3,16556,16233,151260,1912
train,Train/158-3,data/raw/indoorcd_ply\Train\158-3,149736,132397,-1.6920901536941528,-1.3816434144973755,-1.0759942531585693,1.4623275995254517,1.4504166841506958,1.6174861192703247,3.1544177532196045,2.8320600986480713,2.6934804916381836,0.00492458288329796,10,8,2,13579,14853,131745,652
train,Train/158-4,data/raw/indoorcd_ply\Train\158-4,149736,149407,-1.8212419748306274,-1.3651769161224365,-1.0862252712249756,1.6127054691314697,1.4498049020767212,1.6637799739837646,3.4339475631713867,2.8149819374084473,2.7500052452087402,0.05657030795076536,11,8,3,14124,15305,140955,8452
train,Train/158-5,data/raw/indoorcd_ply\Train\158-5,149736,206412,-1.9154804944992065,-1.3651769161224365,-1.654657244682312,16.31136703491211,1.4270994663238525,2.5250051021575928,18.22684669494629,2.792276382446289,4.179662227630615,0.04878107861946011,22,10,12,12621,13054,196343,10069
train,Train/159-2,data/raw/indoorcd_ply\Train\159-2,99265,80063,-2.450349807739258,-1.4215139150619507,-1.2747355699539185,2.0872082710266113,1.429583191871643,0.9470066428184509,4.537558078765869,2.8510971069335938,2.2217421531677246,0.0075690393814870785,13,11,2,6371,3505,79457,606
train,Train/159-3,data/raw/indoorcd_ply\Train\159-3,99265,89972,-2.6709516048431396,-1.4182240962982178,-1.2747355699539185,2.355689764022827,1.4313569068908691,0.9949620962142944,5.026641368865967,2.849581003189087,2.269697666168213,0.008280353887876228,13,12,1,5377,3459,89227,745
train,Train/159-4,data/raw/indoorcd_ply\Train\159-4,99265,104314,-2.450349807739258,-1.4182240962982178,-1.2747355699539185,2.3606271743774414,1.4556630849838257,1.0138307809829712,4.810976982116699,2.873887062072754,2.2885663509368896,0.019134536112123013,14,12,2,6300,7349,102318,1996
train,Train/159-5,data/raw/indoorcd_ply\Train\159-5,99265,134775,-2.7083234786987305,-1.4182240962982178,-2.1328320503234863,2.249499797821045,1.4422706365585327,1.3408526182174683,4.957823276519775,2.860494613647461,3.473684787750244,0.022192543127434614,18,11,7,6713,9131,131784,2991
train,Train/160-2,data/raw/indoorcd_ply\Train\160-2,93471,99421,-0.9701601266860962,-1.4106767177581787,-0.8405370116233826,0.9634556770324707,1.4448051452636719,0.928377628326416,1.933615803718567,2.8554818630218506,1.7689146995544434,0.0011768137516218907,4,4,0,18299,19263,99304,117
train,Train/160-3,data/raw/indoorcd_ply\Train\160-3,93471,104650,-2.2380218505859375,-1.4464701414108276,-0.7725816369056702,0.7736007571220398,1.4448051452636719,1.0263620615005493,3.011622667312622,2.891275405883789,1.7989437580108643,0.0032202580028666983,7,7,0,10785,12008,104313,337
train,Train/160-4,data/raw/indoorcd_ply\Train\160-4,93471,92004,-1.4939279556274414,-1.4087973833084106,-0.7918987274169922,0.7584983706474304,1.4448051452636719,0.9812585115432739,2.2524263858795166,2.853602409362793,1.7731572389602661,0.003347680535628886,6,6,0,9246,9770,91696,308
train,Train/160-5,data/raw/indoorcd_ply\Train\160-5,93471,117366,-2.33327317237854,-1.4087973833084106,-0.7864533066749573,0.754379391670227,1.4448051452636719,1.1445389986038208,3.0876526832580566,2.853602409362793,1.9309923648834229,0.006543632738612545,8,7,1,10102,11877,116598,768
train,Train/161-2,data/raw/indoorcd_ply\Train\161-2,57509,50724,-1.1689990758895874,-1.3782563209533691,-0.26892465353012085,1.1426485776901245,1.3944358825683594,0.7194322943687439,2.311647653579712,2.7726922035217285,0.9883569478988647,0.005894645532686696,4,4,0,9392,7366,50425,299
train,Train/161-3,data/raw/indoorcd_ply\Train\161-3,57509,63929,-1.1689990758895874,-1.42270827293396,-0.2753545045852661,1.6626213788986206,1.3944358825683594,0.6824762225151062,2.831620454788208,2.8171441555023193,0.9578307271003723,0.006507218946018239,4,4,0,9616,11026,63513,416
train,Train/161-4,data/raw/indoorcd_ply\Train\161-4,57509,71870,-1.4094946384429932,-1.3910071849822998,-0.27456673979759216,1.7553162574768066,1.3944358825683594,0.4640103876590729,3.1648108959198,2.785443067550659,0.738577127456665,0.004438569639627105,4,4,0,11913,13467,71551,319
train,Train/161-5,data/raw/indoorcd_ply\Train\161-5,57509,54733,-1.1689990758895874,-1.3782563209533691,-0.2899077534675598,1.1426485776901245,1.3944358825683594,0.3014916181564331,2.311647653579712,2.7726922035217285,0.5913993716239929,0.020700491476805583,4,4,0,9392,6932,53600,1133
train,Train/162-2,data/raw/indoorcd_ply\Train\162-2,114585,116128,-1.2941359281539917,-1.4091081619262695,-0.8592787384986877,1.1448073387145996,1.3840460777282715,0.8587733507156372,2.438943386077881,2.793154239654541,1.7180521488189697,0.007801736015431248,8,8,0,7603,7783,115222,906
train,Train/162-3,data/raw/indoorcd_ply\Train\162-3,114585,118386,-1.2941359281539917,-1.3673837184906006,-0.8592787384986877,1.1543172597885132,1.3797693252563477,1.0222442150115967,2.448453187942505,2.7471530437469482,1.8815228939056396,0.01397969354484483,8,8,0,7476,6736,116731,1655
train,Train/162-4,data/raw/indoorcd_ply\Train\162-4,114585,126371,-1.2941359281539917,-1.3673837184906006,-0.8592787384986877,1.1740800142288208,1.3785268068313599,0.8587733507156372,2.4682159423828125,2.74591064453125,1.7180521488189697,0.09385064611342792,8,8,0,7476,9048,114511,11860
train,Train/162-5,data/raw/indoorcd_ply\Train\162-5,114585,121188,-1.2941359281539917,-1.3673837184906006,-0.8592787384986877,1.1746997833251953,1.396396279335022,0.8587733507156372,2.4688358306884766,2.763780117034912,1.7180521488189697,0.01188236459055352,8,8,0,7476,8110,119748,1440
train,Train/163-2,data/raw/indoorcd_ply\Train\163-2,102191,107480,-2.5348381996154785,-0.8624648451805115,-3.0382723808288574,2.7448294162750244,1.885880708694458,1.961558222770691,5.279667854309082,2.7483456134796143,4.999830722808838,0.0,12,7,5,11612,11747,107480,0
train,Train/163-3,data/raw/indoorcd_ply\Train\163-3,102191,114207,-3.7134079933166504,-0.8700238466262817,-1.3542782068252563,2.7448294162750244,1.4133658409118652,1.961558222770691,6.458237648010254,2.2833895683288574,3.3158364295959473,0.008414545518225678,11,8,3,7887,10170,113246,961
train,Train/163-4,data/raw/indoorcd_ply\Train\163-4,102191,142344,-5.219697952270508,-0.878994882106781,-3.7434582710266113,2.7448294162750244,1.5562556982040405,1.961558222770691,7.964527130126953,2.4352505207061768,5.705016613006592,0.0816964536615523,14,7,7,13922,23077,130715,11629
train,Train/163-5,data/raw/indoorcd_ply\Train\163-5,102191,183530,-5.196048736572266,-0.9178198575973511,-5.766541957855225,2.7559714317321777,2.0083835124969482,1.961558222770691,7.952020168304443,2.9262032508850098,7.728100299835205,0.08068980548139269,21,7,14,14789,27145,168721,14809
train,Train/164-2,data/raw/indoorcd_ply\Train\164-2,68800,71316,0.15426965057849884,-1.5275111198425293,-1.318674921989441,1.9016375541687012,1.3506934642791748,0.2846045196056366,1.7473678588867188,2.878204584121704,1.6032794713974,0.019855291940097594,4,4,0,11242,12433,69900,1416
train,Train/164-3,data/raw/indoorcd_ply\Train\164-3,68800,77314,-0.1043832078576088,-1.5294018983840942,-1.318674921989441,1.8190547227859497,1.3506934642791748,0.2670019865036011,1.9234379529953003,2.8800954818725586,1.585676908493042,0.04084641850117702,4,4,0,11254,13056,74156,3158
train,Train/164-4,data/raw/indoorcd_ply\Train\164-4,68800,73008,-0.157823383808136,-1.5275111198425293,-1.318674921989441,1.7857376337051392,1.4144327640533447,0.14429934322834015,1.94356107711792,2.941943883895874,1.4629743099212646,0.033516874863028706,4,4,0,11242,11849,70561,2447
train,Train/164-5,data/raw/indoorcd_ply\Train\164-5,68800,80361,-0.468269020318985,-1.5275111198425293,-1.318674921989441,1.8495146036148071,1.4030033349990845,0.14429934322834015,2.3177835941314697,2.930514335632324,1.4629743099212646,0.06927489702716493,8,8,0,4129,4048,74794,5567
train,Train/165-2,data/raw/indoorcd_ply\Train\165-2,136362,137768,-0.8475472331047058,-1.3461229801177979,-1.1000341176986694,0.8332566618919373,1.3538897037506104,1.1253461837768555,1.680803894996643,2.700012683868408,2.2253804206848145,0.003309912316357935,6,6,0,21100,20620,137312,456
train,Train/165-3,data/raw/indoorcd_ply\Train\165-3,136362,118374,-0.8475472331047058,-1.3461229801177979,-1.0987528562545776,0.8333118557929993,1.360296607017517,1.1083390712738037,1.680859088897705,2.7064194679260254,2.207091808319092,0.02120398060384882,6,6,0,21094,17641,115864,2510
train,Train/165-4,data/raw/indoorcd_ply\Train\165-4,136362,130667,-0.8771864771842957,-1.3466875553131104,-1.0987528562545776,0.8326218724250793,1.3584872484207153,1.1083390712738037,1.709808349609375,2.7051749229431152,2.207091808319092,0.03491317624189734,6,6,0,21095,20247,126105,4562
train,Train/165-5,data/raw/indoorcd_ply\Train\165-5,136362,132864,-0.8907750844955444,-1.3461229801177979,-1.0987528562545776,0.8326218724250793,1.3750884532928467,1.1083390712738037,1.7233970165252686,2.7212114334106445,2.207091808319092,0.05013397157996147,6,6,0,21094,20998,126203,6661
train,Train/166-2,data/raw/indoorcd_ply\Train\166-2,108441,121377,-1.4030107259750366,-1.4229507446289062,-0.9360595941543579,1.2118967771530151,1.4046014547348022,1.2268052101135254,2.6149075031280518,2.827552318572998,2.1628646850585938,0.003905187968066438,8,7,1,8952,10205,120903,474
train,Train/166-3,data/raw/indoorcd_ply\Train\166-3,108441,107240,-1.391892671585083,-1.4075934886932373,-0.9553123712539673,1.2886492013931274,1.397142767906189,0.9721806645393372,2.6805419921875,2.8047361373901367,1.9274930953979492,0.005930622901902275,7,6,1,13853,15707,106604,636
train,Train/166-4,data/raw/indoorcd_ply\Train\166-4,108441,118428,-1.391892671585083,-1.4075934886932373,-0.9354615807533264,1.2118967771530151,1.392581582069397,1.1052325963974,2.6037893295288086,2.800175189971924,2.040694236755371,0.01377208092680785,9,7,2,8753,12501,116797,1631
train,Train/166-5,data/raw/indoorcd_ply\Train\166-5,108441,135587,-1.391892671585083,-1.4075934886932373,-0.9354615807533264,1.2118967771530151,1.3834233283996582,1.3847856521606445,2.6037893295288086,2.7910168170928955,2.320247173309326,0.021152470369578204,10,7,3,8753,14264,132719,2868
train,Train/167-2,data/raw/indoorcd_ply\Train\167-2,77314,86629,-0.8963572382926941,-1.4871612787246704,-0.7119938135147095,0.7360480427742004,1.480129599571228,0.977510929107666,1.6324052810668945,2.9672908782958984,1.6895047426223755,0.0,4,4,0,14855,17289,86629,0
train,Train/167-4,data/raw/indoorcd_ply\Train\167-4,77314,88532,-0.9491844773292542,-1.4871612787246704,-0.7178805470466614,0.7360480427742004,1.4734395742416382,0.8577884435653687,1.6852325201034546,2.9606008529663086,1.5756690502166748,0.001581349116703565,4,4,0,14879,16924,88392,140
train,Train/167-5,data/raw/indoorcd_ply\Train\167-5,77314,82206,-1.0578241348266602,-1.4871612787246704,-0.7780575752258301,0.7360480427742004,1.4734395742416382,0.8041024208068848,1.7938721179962158,2.9606008529663086,1.5821599960327148,0.00911125708585748,4,4,0,15114,15410,81457,749
train,Train/168-2,data/raw/indoorcd_ply\Train\168-2,125993,320969,-0.6452953219413757,-1.2645535469055176,-2.285658121109009,2.8470618724823,3.13698673248291,2.8473665714263916,3.4923572540283203,4.401540279388428,5.1330246925354,0.00043617919487551755,25,6,19,16140,33486,320829,140
train,Train/168-3,data/raw/indoorcd_ply\Train\168-3,125993,142246,-0.6319732069969177,-1.2522680759429932,-1.0046824216842651,0.6851537227630615,1.542876124382019,1.2378209829330444,1.317126989364624,2.7951440811157227,2.2425034046173096,0.007219886675196491,6,4,2,24212,28324,141219,1027
train,Train/168-4,data/raw/indoorcd_ply\Train\168-4,125993,145738,-0.6232438683509827,-1.2902179956436157,-1.007764220237732,0.6935279369354248,1.5590018033981323,1.3061856031417847,1.3167717456817627,2.849219799041748,2.3139498233795166,0.10987525559565796,6,4,2,24484,28614,129725,16013
train,Train/168-5,data/raw/indoorcd_ply\Train\168-5,125993,159580,-0.6232438683509827,-1.2651760578155518,-1.0104206800460815,0.7080776691436768,1.7926573753356934,2.5964298248291016,1.3313214778900146,3.057833433151245,3.6068506240844727,0.10280110289509964,7,4,3,24351,24400,143175,16405
train,Train/169-2,data/raw/indoorcd_ply\Train\169-2,80051,97784,-0.9913824200630188,-1.048996090888977,-0.820189356803894,0.8615652918815613,1.028799295425415,1.1159765720367432,1.85294771194458,2.0777955055236816,1.9361659288406372,0.0,4,4,0,12261,16481,97784,0
train,Train/169-3,data/raw/indoorcd_ply\Train\169-3,80051,95245,-0.9379795789718628,-1.0455410480499268,-0.8304576277732849,0.8615652918815613,1.0665342807769775,1.216868281364441,1.7995448112487793,2.1120753288269043,2.047325849533081,0.012168617775211298,5,4,1,12309,16544,94086,1159
train,Train/169-4,data/raw/indoorcd_ply\Train\169-4,80051,109529,-1.0026990175247192,-1.0383952856063843,-0.8184276223182678,0.8615652918815613,1.028799295425415,1.5966027975082397,1.8642642498016357,2.0671944618225098,2.4150304794311523,0.011677272685772717,6,4,2,12169,18848,108250,1279
train,Train/170-2,data/raw/indoorcd_ply\Train\170-2,171490,186788,-3.5777971744537354,-1.3698756694793701,-2.23934268951416,5.268069267272949,1.5303764343261719,1.9654546976089478,8.845866203308105,2.900252103805542,4.204797267913818,0.0013277084180996638,22,14,8,9285,8694,186540,248
train,Train/170-3,data/raw/indoorcd_ply\Train\170-3,171490,166954,-3.8117172718048096,-1.3698756694793701,-2.1821346282958984,5.373250961303711,1.5303764343261719,1.9654546976089478,9.184967994689941,2.900252103805542,4.147589206695557,0.010302238940067324,25,12,13,10206,7972,165234,1720
train,Train/170-4,data/raw/indoorcd_ply\Train\170-4,171490,140903,-3.5777971744537354,-1.3698756694793701,-2.1821346282958984,4.6796112060546875,1.5303764343261719,1.9654546976089478,8.257408142089844,2.900252103805542,4.147589206695557,0.03391694995848207,21,11,10,10152,9835,136124,4779
train,Train/170-5,data/raw/indoorcd_ply\Train\170-5,171490,108988,-3.5777971744537354,-1.3698756694793701,-2.1821346282958984,2.939490556716919,1.5303764343261719,1.9654546976089478,6.517287731170654,2.900252103805542,4.147589206695557,0.07369618673615444,21,9,12,11539,12190,100956,8032
train,Train/171-2,data/raw/indoorcd_ply\Train\171-2,68895,77492,-1.5014257431030273,-1.4342695474624634,-0.9021008014678955,1.3334662914276123,1.4029885530471802,1.0255073308944702,2.8348920345306396,2.8372581005096436,1.9276081323623657,2.580911577969339e-05,8,6,2,8317,7540,77490,2
train,Train/171-3,data/raw/indoorcd_ply\Train\171-3,68895,67642,-1.3879233598709106,-1.4112894535064697,-1.01645028591156,1.257489562034607,1.4029885530471802,1.049789547920227,2.6454129219055176,2.8142781257629395,2.066239833831787,0.002187989710534875,7,4,3,13902,14173,67494,148
train,Train/171-4,data/raw/indoorcd_ply\Train\171-4,68895,89499,-1.6607600450515747,-1.4507681131362915,-0.9021008014678955,1.257489562034607,1.4029885530471802,1.3532297611236572,2.9182496070861816,2.8537566661834717,2.2553305625915527,0.06677169577313713,7,4,3,11926,21291,83523,5976
train,Train/171-5,data/raw/indoorcd_ply\Train\171-5,68895,99946,-1.911377191543579,-1.4112894535064697,-0.9021008014678955,1.257489562034607,1.4029885530471802,1.0575957298278809,3.1688666343688965,2.8142781257629395,1.9596965312957764,0.07052808516598963,6,4,2,11453,22879,92897,7049
train,Train/173-2,data/raw/indoorcd_ply\Train\173-2,178210,187233,-1.7514231204986572,-1.824742078781128,-1.1947904825210571,2.226595401763916,1.6414963006973267,1.158587098121643,3.9780185222625732,3.466238498687744,2.3533775806427,0.0011803474814802946,10,8,2,24760,21678,187012,221
train,Train/173-3,data/raw/indoorcd_ply\Train\173-3,178210,198492,-1.7442803382873535,-1.824742078781128,-1.1947904825210571,2.226595401763916,1.648936152458191,1.158587098121643,3.9708757400512695,3.4736781120300293,2.3533775806427,0.007345384196844205,10,9,1,21897,22514,197034,1458
train,Train/173-4,data/raw/indoorcd_ply\Train\173-4,178210,205204,-1.7442803382873535,-1.824742078781128,-1.1947904825210571,2.226595401763916,1.6595723628997803,1.158587098121643,3.9708757400512695,3.484314441680908,2.3533775806427,0.02435137716613711,11,9,2,21897,25993,200207,4997
train,Train/173-5,data/raw/indoorcd_ply\Train\173-5,178210,218676,-1.7442803382873535,-1.824742078781128,-1.1947904825210571,2.226595401763916,1.6657685041427612,1.8604326248168945,3.9708757400512695,3.4905104637145996,3.055222988128662,0.025197095245934626,12,8,4,24820,25219,213166,5510
train,Train/174-2,data/raw/indoorcd_ply\Train\174-2,145767,137224,-3.940406084060669,-1.6727405786514282,-0.9500833749771118,2.915294647216797,1.6754369735717773,0.9450416564941406,6.855700492858887,3.348177433013916,1.8951250314712524,0.0013481606716026352,11,6,5,22283,17754,137039,185
train,Train/174-3,data/raw/indoorcd_ply\Train\174-3,145767,154949,-1.7087328433990479,-1.6609352827072144,-0.9779506921768188,2.631932258605957,1.6891357898712158,0.9450416564941406,4.340664863586426,3.3500709533691406,1.9229923486709595,0.0005421138568174045,9,6,3,21973,21236,154865,84
train,Train/174-4,data/raw/indoorcd_ply\Train\174-4,145767,137921,-1.6432116031646729,-1.657860279083252,-0.9514575600624084,2.567842960357666,1.6462948322296143,0.9450416564941406,4.211054801940918,3.304155111312866,1.8964991569519043,0.011281820752459742,9,6,3,22133,20128,136365,1556
train,Train/180-2,data/raw/indoorcd_ply\Train\180-2,61763,65307,-0.6925143599510193,-1.3677717447280884,-0.7485266327857971,0.8445281386375427,1.288104772567749,0.9451614022254944,1.537042498588562,2.655876636505127,1.6936880350112915,0.0,4,4,0,11118,11442,65307,0
train,Train/180-3,data/raw/indoorcd_ply\Train\180-3,61763,72547,-0.689678430557251,-1.3969447612762451,-0.7485266327857971,0.7576461434364319,1.2859020233154297,0.8992352485656738,1.447324514389038,2.682846784591675,1.6477618217468262,0.06692213323776311,4,4,0,11279,13905,67692,4855
train,Train/180-4,data/raw/indoorcd_ply\Train\180-4,61763,82874,-0.7067261338233948,-1.4289228916168213,-0.7485266327857971,0.8161706328392029,1.2985153198242188,1.0619498491287231,1.5228967666625977,2.72743821144104,1.810476541519165,0.11268914255375631,4,4,0,11466,17413,73535,9339
train,Train/180-5,data/raw/indoorcd_ply\Train\180-5,61763,84389,-0.6837116479873657,-1.424322485923767,-0.7485266327857971,2.2335362434387207,1.290101170539856,1.0476763248443604,2.917247772216797,2.714423656463623,1.7962028980255127,0.11552453518823544,6,4,2,11435,16826,74640,9749
train,Train/181-2,data/raw/indoorcd_ply\Train\181-2,67765,66291,-0.787216067314148,-1.4045647382736206,-1.2652602195739746,0.751062273979187,1.403672218322754,0.7467808723449707,1.538278341293335,2.808237075805664,2.0120410919189453,0.017423179617142598,5,4,1,16909,13580,65136,1155
train,Train/181-3,data/raw/indoorcd_ply\Train\181-3,67765,71733,-0.949891209602356,-1.4045647382736206,-0.7927145957946777,0.7344893217086792,1.403672218322754,0.7467808723449707,1.6843805313110352,2.808237075805664,1.5394954681396484,0.03733288723460611,4,2,2,29207,35372,69055,2678
train,Train/181-5,data/raw/indoorcd_ply\Train\181-5,67765,71673,-0.982191801071167,-1.4045647382736206,-0.7927145957946777,0.7365046143531799,1.403672218322754,0.7467808723449707,1.7186963558197021,2.808237075805664,1.5394954681396484,0.05167915393523363,4,2,2,29207,35690,67969,3704
train,Train/182-3,data/raw/indoorcd_ply\Train\182-3,127001,120014,-2.106999397277832,-1.4037631750106812,-0.8061279058456421,2.074228048324585,1.4855306148529053,1.0880975723266602,4.181227684020996,2.889293670654297,1.8942254781723022,0.0008748979285749996,10,8,2,11513,11815,119909,105
train,Train/182-5,data/raw/indoorcd_ply\Train\182-5,127001,136026,-2.064913749694824,-1.4037631750106812,-0.8061279058456421,3.0966036319732666,1.50156831741333,1.087651014328003,5.161517143249512,2.905331611633301,1.893778920173645,0.007689706379662711,12,10,2,9897,11063,134980,1046
train,Train/184-2,data/raw/indoorcd_ply\Train\184-2,184090,194880,-2.0549535751342773,-1.388564944267273,-3.1287670135498047,1.394240140914917,1.4377342462539673,1.7340028285980225,3.4491937160491943,2.8262991905212402,4.862770080566406,0.0,16,12,4,13642,13083,194880,0
train,Train/184-3,data/raw/indoorcd_ply\Train\184-3,184090,198675,-1.1611355543136597,-1.320435643196106,-1.7563371658325195,1.3709396123886108,1.4460439682006836,1.7340028285980225,2.5320751667022705,2.7664794921875,3.490339994430542,0.04198817163709576,14,12,2,10518,10691,190333,8342
train,Train/184-4,data/raw/indoorcd_ply\Train\184-4,184090,188450,-1.2813626527786255,-1.3544646501541138,-1.7596807479858398,1.4322794675827026,1.4462809562683105,1.7340028285980225,2.713642120361328,2.8007454872131348,3.4936835765838623,0.18783231626426108,14,12,2,10414,11771,153053,35397
train,Train/184-5,data/raw/indoorcd_ply\Train\184-5,184090,189767,-1.193893313407898,-1.3185721635818481,-1.7563371658325195,1.397855281829834,1.458527684211731,1.995245337486267,2.5917487144470215,2.777099847793579,3.751582622528076,0.23655851649654577,14,12,2,10383,11481,144876,44891
train,Train/185-3,data/raw/indoorcd_ply\Train\185-3,193982,187358,-3.552471876144409,-1.4448009729385376,-0.8833905458450317,2.1090855598449707,1.4147226810455322,1.0197032690048218,5.661557197570801,2.8595237731933594,1.9030938148498535,0.01071745001547839,12,11,1,9043,13348,185350,2008
train,Train/185-4,data/raw/indoorcd_ply\Train\185-4,193982,176303,-3.4659199714660645,-1.4118298292160034,-0.8833905458450317,2.1090855598449707,1.4147226810455322,1.0309017896652222,5.575005531311035,2.826552391052246,1.914292335510254,0.01367532032920597,11,11,0,8393,10452,173892,2411
train,Train/185-5,data/raw/indoorcd_ply\Train\185-5,193982,173741,-4.403736114501953,-1.4482035636901855,-2.017244338989258,2.1090855598449707,1.4147226810455322,0.9259968400001526,6.512821674346924,2.8629262447357178,2.9432411193847656,0.027736688519117536,14,9,5,14181,16989,168922,4819
train,Train/188-2,data/raw/indoorcd_ply\Train\188-2,197966,236569,-3.9855101108551025,-1.4644815921783447,-4.318837642669678,2.8361663818359375,1.3642507791519165,3.2868175506591797,6.821676254272461,2.828732490539551,7.605655193328857,0.005178193254399351,27,19,8,6650,9276,235344,1225
train,Train/188-3,data/raw/indoorcd_ply\Train\188-3,197966,258262,-3.939180850982666,-1.5584601163864136,-4.116435527801514,3.002514123916626,1.5388514995574951,3.6840293407440186,6.941695213317871,3.097311496734619,7.800464630126953,0.002327094191170207,34,17,17,8973,10211,257661,601
train,Train/188-4,data/raw/indoorcd_ply\Train\188-4,197966,232755,-4.247025966644287,-1.4643115997314453,-4.116435527801514,2.9383437633514404,1.5211151838302612,4.13217830657959,7.185369491577148,2.985426902770996,8.248613357543945,0.04213872956542287,34,17,17,4125,4372,222947,9808
train,Train/188-5,data/raw/indoorcd_ply\Train\188-5,197966,284192,-3.3886749744415283,-1.4621851444244385,-4.688085079193115,2.8476595878601074,1.3974922895431519,3.2868175506591797,6.236334800720215,2.859677314758301,7.974902629852295,0.033607561085463346,35,18,17,8638,13021,274641,9551
train,Train/192-2,data/raw/indoorcd_ply\Train\192-2,71357,68578,-1.0140655040740967,-1.3109498023986816,-0.6347336769104004,0.9577299952507019,1.420642614364624,0.7235800623893738,1.9717955589294434,2.7315924167633057,1.358313798904419,0.01621511271836449,4,3,1,24652,23763,67466,1112
train,Train/192-3,data/raw/indoorcd_ply\Train\192-3,71357,61520,-1.0140655040740967,-1.3362082242965698,-0.6237601041793823,0.9489335417747498,1.420642614364624,0.7235800623893738,1.9629991054534912,2.7568507194519043,1.3473401069641113,0.0038849154746423927,4,4,0,13698,11231,61281,239
train,Train/192-4,data/raw/indoorcd_ply\Train\192-4,71357,75159,-1.04127836227417,-1.350400447845459,-0.6293787360191345,0.9489335417747498,1.420642614364624,0.7235800623893738,1.9902119636535645,2.771043062210083,1.3529587984085083,0.08786705517635945,4,4,0,13839,13396,68555,6604
train,Train/192-5,data/raw/indoorcd_ply\Train\192-5,71357,77109,-1.3415064811706543,-1.3109498023986816,-0.6361897587776184,0.9813857078552246,1.420642614364624,0.7235800623893738,2.322892189025879,2.7315924167633057,1.3597698211669922,0.12162004435279929,8,7,1,7103,7023,67731,9378
train,Train/193-2,data/raw/indoorcd_ply\Train\193-2,123653,154570,-0.9881964325904846,-1.69276762008667,-0.9724805951118469,1.0273222923278809,1.6754387617111206,1.0388668775558472,2.0155186653137207,3.36820650100708,2.011347532272339,0.0033512324513165557,6,4,2,29867,37154,154052,518
train,Train/193-3,data/raw/indoorcd_ply\Train\193-3,123653,167738,-0.9957624673843384,-1.6966338157653809,-0.9724805951118469,1.0686402320861816,1.6754387617111206,0.97566819190979,2.0644025802612305,3.372072696685791,1.9481487274169922,0.0009240601414110101,6,4,2,29886,40381,167583,155
train,Train/193-4,data/raw/indoorcd_ply\Train\193-4,123653,170584,-1.0016926527023315,-1.6832520961761475,-0.9782816171646118,1.2641054391860962,1.6754387617111206,1.0040076971054077,2.2657980918884277,3.3586907386779785,1.9822893142700195,0.002256952586409042,6,4,2,29890,39802,170199,385
train,Train/193-5,data/raw/indoorcd_ply\Train\193-5,123653,162862,-0.9881964325904846,-1.67775559425354,-1.0255987644195557,1.0273222923278809,1.6754387617111206,0.9477763772010803,2.0155186653137207,3.353194236755371,1.9733750820159912,0.004261276418071742,5,4,1,30395,38557,162168,694
train,Train/194-2,data/raw/indoorcd_ply\Train\194-2,49103,61222,-0.6967653632164001,-1.3990947008132935,-0.9024328589439392,0.4351295530796051,1.3781546354293823,1.2554594278335571,1.1318949460983276,2.777249336242676,2.1578922271728516,0.08296037372186468,6,4,2,11820,14300,56143,5079
train,Train/194-3,data/raw/indoorcd_ply\Train\194-3,49103,59350,-0.7306802868843079,-1.3784865140914917,-0.9024328589439392,0.43289437890052795,1.520056128501892,1.1777677536010742,1.1635746955871582,2.898542642593384,2.080200672149658,0.030429654591406907,5,4,1,11790,13909,57544,1806
train,Train/194-4,data/raw/indoorcd_ply\Train\194-4,49103,64295,-0.7393344640731812,-1.3824846744537354,-0.9024328589439392,0.4822354018688202,1.540267825126648,1.3831961154937744,1.2215698957443237,2.9227523803710938,2.2856290340423584,0.0374057080643907,6,4,2,11795,14581,61890,2405
train,Train/194-5,data/raw/indoorcd_ply\Train\194-5,49103,73536,-0.8213339447975159,-1.3879399299621582,-1.2196588516235352,0.45049625635147095,1.5249322652816772,1.4973546266555786,1.2718302011489868,2.912872314453125,2.717013359069824,0.1346415361183638,6,6,0,7207,12167,63635,9901
train,Train/195-3,data/raw/indoorcd_ply\Train\195-3,66157,66235,-1.044811487197876,-1.5023725032806396,-0.6813833713531494,1.0407218933105469,1.4889250993728638,0.6620118021965027,2.085533380508423,2.991297721862793,1.3433952331542969,0.0002566618857099721,5,4,1,11962,10598,66218,17
train,Train/195-4,data/raw/indoorcd_ply\Train\195-4,66157,64480,-1.0411957502365112,-1.4878065586090088,-0.6825646162033081,1.3153762817382812,1.4889250993728638,0.6620118021965027,2.356572151184082,2.976731777191162,1.344576358795166,0.010669975186104219,6,4,2,11894,9094,63792,688
train,Train/195-5,data/raw/indoorcd_ply\Train\195-5,66157,65334,-1.0530599355697632,-1.4955161809921265,-0.6936383247375488,1.113806128501892,1.4889250993728638,0.6620118021965027,2.1668660640716553,2.9844412803649902,1.3556501865386963,0.015964122815073315,6,4,2,11940,10573,64291,1043
train,Train/199-2,data/raw/indoorcd_ply\Train\199-2,83270,68027,-1.2243376970291138,-1.6656068563461304,-0.8065185546875,1.2233128547668457,1.7275959253311157,0.7209843993186951,2.44765043258667,3.393202781677246,1.5275030136108398,0.0,7,5,2,4499,3263,68027,0
train,Train/199-3,data/raw/indoorcd_ply\Train\199-3,83270,63876,-1.1681663990020752,-1.6702544689178467,-0.8065185546875,1.2233128547668457,1.7421282529830933,0.7209843993186951,2.391479253768921,3.4123826026916504,1.5275030136108398,0.013463585697288496,6,4,2,15862,10864,63016,860
train,Train/199-4,data/raw/indoorcd_ply\Train\199-4,83270,79747,-1.2749354839324951,-1.665095329284668,-0.8065185546875,1.2233128547668457,1.6862764358520508,0.7209843993186951,2.498248338699341,3.3513717651367188,1.5275030136108398,0.046559745194176584,7,5,2,5233,5682,76034,3713
train,Train/199-5,data/raw/indoorcd_ply\Train\199-5,83270,80416,-1.2688751220703125,-1.6777454614639282,-0.8065185546875,1.2233128547668457,1.6961181163787842,0.7209843993186951,2.492187976837158,3.373863697052002,1.5275030136108398,0.06712594508555511,7,5,2,5166,5365,75018,5398
train,Train/200-3,data/raw/indoorcd_ply\Train\200-3,120674,124870,-1.2414950132369995,-1.4896695613861084,-0.8244744539260864,1.0507900714874268,1.4035757780075073,1.1193476915359497,2.2922849655151367,2.893245220184326,1.9438221454620361,0.013429967165852487,7,7,0,13920,15300,123193,1677
train,Train/200-5,data/raw/indoorcd_ply\Train\200-5,120674,125159,-1.1833499670028687,-1.4564117193222046,-0.8244744539260864,1.4424465894699097,1.4035757780075073,1.4995756149291992,2.6257965564727783,2.859987497329712,2.324049949645996,0.02289887263400954,9,6,3,14965,21568,122293,2866
train,Train/201-2,data/raw/indoorcd_ply\Train\201-2,72245,73558,-0.946122944355011,-1.4002059698104858,-0.7852368354797363,1.1242085695266724,1.4049949645996094,0.7504315376281738,2.070331573486328,2.8052010536193848,1.5356683731079102,0.009203621631909513,5,4,1,12069,10757,72881,677
train,Train/201-3,data/raw/indoorcd_ply\Train\201-3,72245,76104,-0.9109208583831787,-1.4013832807540894,-0.6992467641830444,1.1516411304473877,1.4049949645996094,0.7504315376281738,2.0625619888305664,2.8063783645629883,1.4496783018112183,0.0020498265531378114,5,4,1,11657,10267,75948,156
train,Train/201-4,data/raw/indoorcd_ply\Train\201-4,72245,81204,-1.7125556468963623,-1.4176210165023804,-0.8183931112289429,1.125045895576477,1.407211184501648,0.7504315376281738,2.837601661682129,2.8248322010040283,1.5688246488571167,0.010356632678193192,8,8,0,4866,4766,80363,841
train,Train/201-5,data/raw/indoorcd_ply\Train\201-5,72245,67056,-0.8419922590255737,-1.4002059698104858,-0.6992467641830444,1.1102819442749023,1.4049949645996094,0.7504315376281738,1.952274203300476,2.8052010536193848,1.4496783018112183,0.026172154617036508,4,4,0,11651,9904,65301,1755
train,Train/203-2,data/raw/indoorcd_ply\Train\203-2,77336,85409,-0.7178181409835815,-1.414040446281433,-0.5406396985054016,0.6682920455932617,1.388010025024414,0.767686665058136,1.3861101865768433,2.8020505905151367,1.3083263635635376,0.005420974370382512,4,3,1,22075,23846,84946,463
train,Train/203-3,data/raw/indoorcd_ply\Train\203-3,77336,96647,-0.7066844701766968,-1.398226022720337,-0.5575832724571228,0.69786536693573,1.3859517574310303,0.8997434973716736,1.4045498371124268,2.784177780151367,1.4573267698287964,0.001200244187610583,4,3,1,21657,23590,96531,116
train,Train/203-4,data/raw/indoorcd_ply\Train\203-4,77336,91880,-0.7069545984268188,-1.398226022720337,-0.5361941456794739,0.670112669467926,1.3860822916030884,1.0070199966430664,1.3770673274993896,2.784308433532715,1.5432140827178955,0.011482368306486721,4,3,1,21775,23360,90825,1055
train,Train/203-5,data/raw/indoorcd_ply\Train\203-5,77336,102823,-0.7011764645576477,-1.398226022720337,-0.5418959856033325,0.7265719771385193,1.3859517574310303,1.0609283447265625,1.427748441696167,2.784177780151367,1.602824330329895,0.021376540268227925,4,3,1,21745,25426,100625,2198
train,Train/204-2,data/raw/indoorcd_ply\Train\204-2,68504,69444,-0.7215677499771118,-1.348909854888916,-0.6139169335365295,0.7228725552558899,1.3638275861740112,0.7577484250068665,1.4444403648376465,2.712737560272217,1.371665358543396,0.013190484419100283,4,4,0,11864,12048,68528,916
train,Train/204-3,data/raw/indoorcd_ply\Train\204-3,68504,80579,-0.9826948046684265,-1.336197853088379,-0.6139169335365295,0.7211175560951233,1.3638275861740112,0.8929222822189331,1.7038123607635498,2.7000255584716797,1.5068392753601074,0.021990841286191193,4,4,0,11767,13939,78807,1772
train,Train/204-4,data/raw/indoorcd_ply\Train\204-4,68504,76632,-0.7882900834083557,-1.336197853088379,-0.6176123023033142,0.7211175560951233,1.3638275861740112,0.9526323080062866,1.509407639503479,2.7000255584716797,1.570244550704956,0.04843929428959182,4,4,0,11799,14570,72920,3712
train,Train/204-5,data/raw/indoorcd_ply\Train\204-5,68504,79509,-1.0156357288360596,-1.3488749265670776,-0.6155539751052856,0.734860360622406,1.3638275861740112,0.8405560851097107,1.7504961490631104,2.712702512741089,1.4561100006103516,0.08971311423863965,4,4,0,11875,13870,72376,7133
train,Train/205-2,data/raw/indoorcd_ply\Train\205-2,73766,86056,-0.9431958794593811,-1.399020791053772,-0.747468888759613,1.0015991926193237,1.3796131610870361,0.9782514572143555,1.9447951316833496,2.7786340713500977,1.7257204055786133,0.03203727805150135,4,4,0,13363,16635,83299,2757
train,Train/205-3,data/raw/indoorcd_ply\Train\205-3,73766,83470,-0.7689841985702515,-1.3858205080032349,-0.7467420697212219,0.7858694195747375,1.369024634361267,0.9655758738517761,1.5548536777496338,2.754845142364502,1.712317943572998,0.0010183299389002036,4,4,0,13259,15620,83385,85
train,Train/205-4,data/raw/indoorcd_ply\Train\205-4,73766,80342,-0.7689841985702515,-1.3944275379180908,-0.7389417886734009,0.8091528415679932,1.3645879030227661,1.0218833684921265,1.5781370401382446,2.7590155601501465,1.7608251571655273,0.053658111573025316,4,4,0,13267,15741,76031,4311
train,Train/205-5,data/raw/indoorcd_ply\Train\205-5,73766,79838,-0.7689841985702515,-1.380430817604065,-0.7404270768165588,0.8940893411636353,1.3645023107528687,1.0712685585021973,1.6630735397338867,2.7449331283569336,1.8116955757141113,0.08346902477516972,4,4,0,13162,15569,73174,6664
train,Train/209-2,data/raw/indoorcd_ply\Train\209-2,95568,89380,-0.8823787569999695,-1.3388381004333496,-0.7727916240692139,0.8735023140907288,1.3420547246932983,0.8608547449111938,1.7558810710906982,2.6808929443359375,1.6336463689804077,0.0014768404564779593,4,4,0,16130,15829,89248,132
train,Train/209-3,data/raw/indoorcd_ply\Train\209-3,95568,99405,-0.8602882027626038,-1.3288146257400513,-0.7554333806037903,1.0106277465820312,1.3299702405929565,0.9476543664932251,1.8709158897399902,2.658784866333008,1.7030878067016602,0.000995925758261657,4,4,0,15870,17896,99306,99
train,Train/209-4,data/raw/indoorcd_ply\Train\209-4,95568,99710,-0.8504302501678467,-1.3896533250808716,-0.7569348812103271,0.876554012298584,1.3282673358917236,0.9018864035606384,1.7269842624664307,2.7179207801818848,1.6588213443756104,0.0017250025072710862,4,4,0,16445,18937,99538,172
train,Train/209-5,data/raw/indoorcd_ply\Train\209-5,95568,100441,-0.877967119216919,-1.3302046060562134,-0.7580997943878174,0.8735023140907288,1.3274415731430054,0.9507030844688416,1.751469373703003,2.6576461791992188,1.7088029384613037,0.0069991338198544415,4,4,0,15906,17692,99738,703
train,Train/217-2,data/raw/indoorcd_ply\Train\217-2,123653,154570,-0.9881964325904846,-1.6927613019943237,-0.9724805951118469,1.0273222923278809,1.6754387617111206,1.0388481616973877,2.0155186653137207,3.3682000637054443,2.01132869720459,0.009671993271656855,6,4,2,29867,37154,153075,1495
train,Train/217-3,data/raw/indoorcd_ply\Train\217-3,123653,167738,-0.9957591891288757,-1.696639060974121,-0.9724805951118469,1.0686404705047607,1.6754387617111206,0.9756602048873901,2.0643997192382812,3.3720779418945312,1.9481408596038818,0.0,6,4,2,29886,40381,167738,0
train,Train/217-4,data/raw/indoorcd_ply\Train\217-4,123653,170584,-1.0016926527023315,-1.6832520961761475,-0.9782816171646118,1.2641054391860962,1.6754387617111206,1.0040078163146973,2.2657980918884277,3.3586907386779785,1.982289433479309,0.0026145476715283967,6,4,2,29890,39802,170138,446
train,Train/217-5,data/raw/indoorcd_ply\Train\217-5,123653,162862,-0.9881964325904846,-1.6777406930923462,-1.0255837440490723,1.0273222923278809,1.6754387617111206,0.9477691650390625,2.0155186653137207,3.353179454803467,1.9733529090881348,0.011408431678353453,5,4,1,30395,38557,161004,1858
train,Train/219-2,data/raw/indoorcd_ply\Train\219-2,49557,50891,-0.7645586133003235,-0.953234851360321,-0.44774410128593445,0.7570862174034119,1.0911879539489746,0.6954577565193176,1.5216448307037354,2.0444228649139404,1.1432018280029297,0.0010021418325440647,3,1,2,49268,49661,50840,51
train,Train/219-3,data/raw/indoorcd_ply\Train\219-3,49557,60516,-2.251598596572876,-0.9544386863708496,-0.691555917263031,0.7983481884002686,1.7416973114013672,1.023224949836731,3.0499467849731445,2.696135997772217,1.7147808074951172,0.009766012294269284,6,4,2,12595,14555,59925,591
train,Train/219-4,data/raw/indoorcd_ply\Train\219-4,49557,58164,-0.7645586133003235,-0.9580678343772888,-1.2276248931884766,0.8438732624053955,1.4752659797668457,0.7498257160186768,1.6084318161010742,2.4333338737487793,1.9774506092071533,0.01241317653531394,4,2,2,24729,28024,57442,722
train,Train/219-5,data/raw/indoorcd_ply\Train\219-5,49557,57861,-2.0963821411132812,-0.9511645436286926,-1.307605504989624,1.2968816757202148,1.6849274635314941,0.830265462398529,3.393263816833496,2.636091947555542,2.137871026992798,0.011855999723475225,8,4,4,9584,12133,57175,686
train,Train/223-2,data/raw/indoorcd_ply\Train\223-2,115566,145747,-1.7747571468353271,-0.7989946007728577,-1.0437369346618652,1.7318000793457031,1.8956860303878784,1.5130833387374878,3.5065572261810303,2.694680690765381,2.5568203926086426,0.00021955855009022485,8,5,3,21918,22923,145715,32
train,Train/223-3,data/raw/indoorcd_ply\Train\223-3,115566,147970,-2.003729820251465,-0.84355628490448,-1.1466636657714844,1.7318000793457031,1.8975311517715454,1.5130833387374878,3.735529899597168,2.7410874366760254,2.6597471237182617,0.01323241197540042,8,5,3,26403,26605,146012,1958
train,Train/223-4,data/raw/indoorcd_ply\Train\223-4,115566,150920,-1.7747571468353271,-0.803767740726471,-1.1691251993179321,1.9567986726760864,1.934370756149292,1.5707802772521973,3.731555938720703,2.738138437271118,2.73990535736084,0.005386959978796713,8,5,3,24249,27900,150107,813
train,Train/223-5,data/raw/indoorcd_ply\Train\223-5,115566,140630,-2.209019184112549,-0.7914566993713379,-1.0476280450820923,1.7318000793457031,1.8662875890731812,1.5130833387374878,3.940819263458252,2.6577444076538086,2.56071138381958,0.020137950650643534,8,4,4,23828,26355,137798,2832
train,Train/224-2,data/raw/indoorcd_ply\Train\224-2,83250,85822,-1.4457429647445679,-1.4366486072540283,-0.7104446291923523,1.2948737144470215,1.4028650522232056,0.8253940343856812,2.740616798400879,2.8395137786865234,1.5358386039733887,0.013458087669828249,8,7,1,4208,4786,84667,1155
train,Train/224-3,data/raw/indoorcd_ply\Train\224-3,83250,69798,-1.378669023513794,-1.3720463514328003,-0.7104446291923523,1.2948737144470215,1.3569507598876953,1.0115418434143066,2.6735427379608154,2.728997230529785,1.7219865322113037,0.01389724633943666,7,6,1,9763,8352,68828,970
train,Train/224-4,data/raw/indoorcd_ply\Train\224-4,83250,94013,-1.4971448183059692,-1.3902788162231445,-0.7104446291923523,1.3020215034484863,1.3583592176437378,0.8939621448516846,2.799166202545166,2.748638153076172,1.6044068336486816,0.017295480412283407,7,7,0,4461,6751,92387,1626
train,Train/224-5,data/raw/indoorcd_ply\Train\224-5,83250,90268,-1.7729194164276123,-1.4212226867675781,-0.7104446291923523,1.3131120204925537,1.3775453567504883,0.9144325256347656,3.086031436920166,2.7987680435180664,1.6248772144317627,0.056476270660699254,8,6,2,9608,10922,85170,5098
train,Train/225-2,data/raw/indoorcd_ply\Train\225-2,8043,8489,-0.43572181463241577,-0.3464096188545227,-0.3106509745121002,0.43919044733047485,0.3828620910644531,0.4000243842601776,0.8749122619628906,0.7292717099189758,0.7106753587722778,0.012604547060902345,1,1,0,8043,8489,8382,107
train,Train/225-3,data/raw/indoorcd_ply\Train\225-3,8043,10409,-0.4128698706626892,-0.36397504806518555,-0.3164197504520416,0.6650422811508179,0.44033554196357727,0.2768613398075104,1.0779120922088623,0.8043105602264404,0.593281090259552,0.01767701027956576,1,1,0,8043,10409,10225,184
train,Train/225-4,data/raw/indoorcd_ply\Train\225-4,8043,9449,-0.4128698706626892,-0.3465704917907715,-0.3106509745121002,0.5745695233345032,0.43390244245529175,0.2768613398075104,0.9874393939971924,0.7804729342460632,0.5875123143196106,0.06667372208699333,1,1,0,8043,9449,8819,630
train,Train/225-5,data/raw/indoorcd_ply\Train\225-5,8043,10703,-0.4128698706626892,-0.3616003394126892,-0.3106509745121002,0.6753951907157898,0.4255090057849884,0.2768613398075104,1.088265061378479,0.787109375,0.5875123143196106,0.08773241147341866,1,1,0,8043,10703,9764,939
train,Train/226-2,data/raw/indoorcd_ply\Train\226-2,7553,9358,-0.4966323971748352,-0.25655287504196167,-0.3342019021511078,0.6406520009040833,0.49287277460098267,0.20440855622291565,1.1372843980789185,0.7494256496429443,0.5386104583740234,0.06571917076298354,1,1,0,7553,9358,8743,615
train,Train/226-4,data/raw/indoorcd_ply\Train\226-4,7553,8785,-0.47537264227867126,-0.227127805352211,-0.3342019021511078,0.6278098225593567,0.43180274963378906,0.27313387393951416,1.1031824350357056,0.6589305400848389,0.6073358058929443,0.0350597609561753,1,1,0,7553,8785,8477,308
train,Train/226-5,data/raw/indoorcd_ply\Train\226-5,7553,7852,-0.5051919221878052,-0.2651180922985077,-0.3342019021511078,0.6686494946479797,0.41295287013053894,0.22467540204524994,1.1738414764404297,0.6780709624290466,0.5588772892951965,0.17345899133978604,1,1,0,7553,7852,6490,1362
train,Train/228-2,data/raw/indoorcd_ply\Train\228-2,57706,56735,-0.9578024744987488,-1.0874677896499634,-0.704980731010437,0.8686677813529968,1.1133865118026733,0.8292205929756165,1.8264702558517456,2.2008543014526367,1.5342013835906982,0.0009694192297523574,3,3,0,6181,6136,56680,55
train,Train/228-3,data/raw/indoorcd_ply\Train\228-3,57706,50659,-0.9578024744987488,-1.0874677896499634,-0.704980731010437,0.8379316329956055,1.1133865118026733,0.7139745950698853,1.795734167098999,2.2008543014526367,1.4189553260803223,0.04099962494324799,3,3,0,6181,3379,48582,2077
train,Train/228-4,data/raw/indoorcd_ply\Train\228-4,57706,59890,-0.9578024744987488,-1.0874677896499634,-0.704980731010437,0.8379316329956055,1.1133865118026733,0.8322544097900391,1.795734167098999,2.2008543014526367,1.537235140800476,0.020921689764568374,3,3,0,6181,7093,58637,1253
train,Train/228-5,data/raw/indoorcd_ply\Train\228-5,57706,52599,-0.9578024744987488,-1.0874677896499634,-0.704980731010437,0.8379316329956055,1.3144785165786743,0.7139745950698853,1.795734167098999,2.4019463062286377,1.4189553260803223,0.07372763740755528,3,3,0,6181,2759,48721,3878
train,Train/229-2,data/raw/indoorcd_ply\Train\229-2,37235,42028,-1.333153486251831,-0.7705171704292297,-0.6328640580177307,0.8312875032424927,0.8340592980384827,0.6487971544265747,2.1644411087036133,1.6045764684677124,1.2816612720489502,0.0008565718092700105,4,4,0,4669,5403,41992,36
train,Train/229-3,data/raw/indoorcd_ply\Train\229-3,37235,53248,-0.9656804800033569,-0.7803316116333008,-0.6351102590560913,0.9721044898033142,0.7766746282577515,1.2941720485687256,1.9377849102020264,1.5570062398910522,1.929282307624817,0.08079176682692307,2,2,0,18617,26624,48946,4302
train,Train/229-4,data/raw/indoorcd_ply\Train\229-4,37235,39624,-0.8628631830215454,-0.7738722562789917,-0.6330723166465759,0.8891825079917908,0.7766746282577515,0.8900876641273499,1.7520456314086914,1.5505468845367432,1.5231599807739258,0.08403997577225923,2,2,0,18617,19812,36294,3330
train,Train/230-2,data/raw/indoorcd_ply\Train\230-2,59723,47886,-1.0140128135681152,-0.8916378021240234,-0.8182355761528015,0.9534488320350647,1.0437824726104736,0.8034191727638245,1.9674615859985352,1.935420274734497,1.621654748916626,0.023242701415862675,2,1,1,53274,47815,46773,1113
train,Train/230-3,data/raw/indoorcd_ply\Train\230-3,59723,57545,-1.0140128135681152,-0.893756091594696,-0.8182355761528015,0.9534488320350647,1.1295937299728394,0.8034191727638245,1.9674615859985352,2.0233497619628906,1.621654748916626,0.012251281605699887,3,2,1,29861,28754,56840,705
train,Train/230-4,data/raw/indoorcd_ply\Train\230-4,59723,53983,-1.0140128135681152,-0.9324179887771606,-0.8182355761528015,0.9764910936355591,0.9027351140975952,0.8034191727638245,1.9905039072036743,1.8351531028747559,1.621654748916626,0.11446196024674435,2,2,0,29861,26991,47804,6179
train,Train/230-5,data/raw/indoorcd_ply\Train\230-5,59723,47619,-1.0140128135681152,-0.9046050906181335,-0.8182355761528015,0.9572848081588745,0.9829062223434448,0.8034191727638245,1.9712976217269897,1.8875112533569336,1.621654748916626,0.16014616014616015,2,2,0,29861,23809,39993,7626
train,Train/231-2,data/raw/indoorcd_ply\Train\231-2,65089,56850,-1.0531960725784302,-1.1350923776626587,-0.7054967880249023,0.945940375328064,1.2770631313323975,0.7056193947792053,1.9991364479064941,2.4121556282043457,1.411116123199463,0.004080914687774846,3,3,0,4103,3901,56618,232
train,Train/231-3,data/raw/indoorcd_ply\Train\231-3,65089,62363,-1.0399415493011475,-1.138387680053711,-0.717896580696106,0.945940375328064,1.2770631313323975,0.7056193947792053,1.9858819246292114,2.4154508113861084,1.423516035079956,0.03883713099113256,3,3,0,4317,4663,59941,2422
train,Train/231-4,data/raw/indoorcd_ply\Train\231-4,65089,56346,-0.9863946437835693,-1.167622685432434,-0.7065449953079224,0.9461336135864258,1.2770631313323975,0.918479859828949,1.9325282573699951,2.444685935974121,1.6250247955322266,0.07446846271252618,3,2,1,30510,28128,52150,4196
train,Train/231-5,data/raw/indoorcd_ply\Train\231-5,65089,51378,-1.0047762393951416,-1.1545757055282593,-0.7153558731079102,0.9735199213027954,1.2770631313323975,0.7698548436164856,1.978296160697937,2.431638717651367,1.485210657119751,0.1424734322083382,3,2,1,30624,25689,44058,7320
train,Train/232-2,data/raw/indoorcd_ply\Train\232-2,43522,45619,-0.95462965965271,-0.941534698009491,-0.5969278216362,0.8165186047554016,1.055892825126648,0.5948843359947205,1.7711482048034668,1.9974274635314941,1.1918121576309204,0.03393322957539622,2,2,0,21761,22809,44071,1548
train,Train/232-3,data/raw/indoorcd_ply\Train\232-3,43522,56458,-1.5011980533599854,-0.9429582357406616,-0.6383167505264282,0.8124437928199768,1.055892825126648,0.5972901582717896,2.3136417865753174,1.9988510608673096,1.2356069087982178,0.0670764107832371,4,4,0,9307,8024,52671,3787
train,Train/232-4,data/raw/indoorcd_ply\Train\232-4,43522,40353,-0.8724686503410339,-0.9406172037124634,-0.6009730696678162,0.820489764213562,1.0651030540466309,0.5948843359947205,1.6929583549499512,2.0057201385498047,1.1958574056625366,0.030158848164944366,3,1,2,42165,40345,39136,1217
train,Train/232-5,data/raw/indoorcd_ply\Train\232-5,43522,49901,-1.1467735767364502,-0.9163379073143005,-0.5913524627685547,0.8155708312988281,1.055892825126648,0.5948843359947205,1.9623444080352783,1.9722306728363037,1.18623685836792,0.1346466002685317,2,2,0,21761,24950,43182,6719
train,Train/233-2,data/raw/indoorcd_ply\Train\233-2,52056,60053,-1.2019028663635254,-0.8951976299285889,-0.531429648399353,0.949192225933075,1.0839779376983643,0.7579684257507324,2.151095151901245,1.9791755676269531,1.2893980741500854,0.014803590162023546,4,4,0,4082,4700,59164,889
train,Train/233-3,data/raw/indoorcd_ply\Train\233-3,52056,69465,-1.08945894241333,-0.9235979318618774,-0.5288944244384766,0.981593906879425,1.364516019821167,1.0277537107467651,2.0710527896881104,2.288114070892334,1.5566481351852417,0.08271791549701288,5,3,2,1344,5774,63719,5746
train,Train/233-4,data/raw/indoorcd_ply\Train\233-4,52056,67103,-1.1594291925430298,-0.9244104623794556,-0.529971718788147,1.0238889455795288,1.163823127746582,1.1723177433013916,2.1833181381225586,2.088233470916748,1.7022894620895386,0.10762559051011132,6,4,2,2508,5714,59881,7222
train,Train/233-5,data/raw/indoorcd_ply\Train\233-5,52056,68199,-1.2823610305786133,-0.9324210286140442,-0.5299921035766602,1.0235100984573364,0.9306160807609558,0.9909066557884216,2.30587100982666,1.863037109375,1.5208988189697266,0.20783295942755758,4,4,0,7281,9915,54025,14174
train,Train/234-2,data/raw/indoorcd_ply\Train\234-2,43560,42904,-1.1548272371292114,-1.0683456659317017,-0.4514821469783783,1.2234156131744385,1.23525869846344,0.48180633783340454,2.3782429695129395,2.3036043643951416,0.9332884550094604,0.0338663061719187,4,3,1,2434,4246,41451,1453
train,Train/234-3,data/raw/indoorcd_ply\Train\234-3,43560,83199,-1.8629060983657837,-1.06427001953125,-0.4514821469783783,2.399672269821167,1.0976579189300537,0.8462053537368774,4.26257848739624,2.1619279384613037,1.2976875305175781,0.0510462866140218,7,3,4,17514,33251,78952,4247
train,Train/234-4,data/raw/indoorcd_ply\Train\234-4,43560,40692,-1.238612413406372,-1.1082515716552734,-0.4514821469783783,1.1910984516143799,1.0976579189300537,0.48180633783340454,2.429710865020752,2.205909490585327,0.9332884550094604,0.10559815197090337,3,2,1,21041,20326,36395,4297
train,Train/234-5,data/raw/indoorcd_ply\Train\234-5,43560,47012,-1.2021085023880005,-1.0594755411148071,-0.460053950548172,1.1998796463012695,1.0976579189300537,0.7574089169502258,2.4019880294799805,2.1571335792541504,1.2174628973007202,0.176529396749766,4,3,1,3053,3835,38713,8299
train,Train/235-2,data/raw/indoorcd_ply\Train\235-2,56440,56780,-1.1003367900848389,-1.0001189708709717,-0.5543758273124695,0.9957174062728882,1.107018232345581,0.6646350026130676,2.0960540771484375,2.1071372032165527,1.219010829925537,0.0,6,4,2,6800,7345,56780,0
train,Train/235-3,data/raw/indoorcd_ply\Train\235-3,56440,74958,-1.114263653755188,-1.023423433303833,-0.5790812969207764,1.0044692754745483,1.2453100681304932,1.301115870475769,2.1187329292297363,2.268733501434326,1.8801971673965454,0.03499292937378265,7,4,3,6974,12370,72335,2623
train,Train/235-4,data/raw/indoorcd_ply\Train\235-4,56440,62009,-1.3810027837753296,-1.0019346475601196,-0.5580519437789917,0.9957174062728882,1.107018232345581,0.7936913371086121,2.3767201900482178,2.1089529991149902,1.351743221282959,0.10192068893225177,6,3,3,21215,20395,55689,6320
train,Train/235-5,data/raw/indoorcd_ply\Train\235-5,56440,78457,-1.8671233654022217,-1.0001189708709717,-0.5682591795921326,0.9966282844543457,1.374444603919983,1.1017050743103027,2.8637516498565674,2.374563694000244,1.66996431350708,0.10363638681060963,6,4,2,11073,20434,70326,8131
train,Train/236-2,data/raw/indoorcd_ply\Train\236-2,21010,22306,-1.1275280714035034,-0.6375080943107605,-0.5101569294929504,0.6811515688896179,0.8469083309173584,0.5225833654403687,1.8086795806884766,1.4844164848327637,1.0327403545379639,0.020936071012283692,2,1,1,20986,22306,21839,467
train,Train/236-3,data/raw/indoorcd_ply\Train\236-3,21010,33680,-2.0398054122924805,-0.6965689659118652,-1.2407559156417847,1.8474509716033936,0.9275253415107727,0.5399749875068665,3.887256383895874,1.6240942478179932,1.780730962753296,0.00923396674584323,4,4,0,5460,8488,33369,311
train,Train/236-4,data/raw/indoorcd_ply\Train\236-4,21010,20292,-1.0995410680770874,-0.6375080943107605,-0.515008807182312,0.6811515688896179,0.7867846488952637,0.5249266624450684,1.7806925773620605,1.424292802810669,1.0399354696273804,0.0537157500492805,2,1,1,20980,20271,19202,1090
train,Train/236-5,data/raw/indoorcd_ply\Train\236-5,21010,20338,-1.2401014566421509,-0.6375080943107605,-0.5542799234390259,0.6811515688896179,0.9742529392242432,0.5225833654403687,1.921252965927124,1.6117610931396484,1.0768632888793945,0.08997934900186842,2,1,1,20862,20338,18508,1830
train,Train/237-2,data/raw/indoorcd_ply\Train\237-2,47716,47389,-1.0738919973373413,-0.9217634797096252,-0.6804690361022949,0.8827925324440002,0.9237558841705322,0.6635009050369263,1.9566845893859863,1.8455193042755127,1.3439699411392212,0.008926122095845028,2,2,0,23858,23694,46966,423
train,Train/237-3,data/raw/indoorcd_ply\Train\237-3,47716,56707,-0.9862292408943176,-0.9291655421257019,-0.6852620840072632,0.8941140174865723,1.2959312200546265,0.739327073097229,1.8803431987762451,2.2250967025756836,1.4245891571044922,0.012890824765901917,3,2,1,23858,27665,55976,731
train,Train/237-4,data/raw/indoorcd_ply\Train\237-4,47716,58285,-1.0599051713943481,-0.9217634797096252,-0.6919437050819397,0.8880713582038879,1.2042869329452515,0.909716784954071,1.9479765892028809,2.1260504722595215,1.6016604900360107,0.1283005919190186,3,2,1,23858,28762,50807,7478
train,Train/237-5,data/raw/indoorcd_ply\Train\237-5,47716,63923,-1.2957141399383545,-0.9217634797096252,-0.6804690361022949,0.8929667472839355,1.1969562768936157,0.9904242157936096,2.18868088722229,2.1187198162078857,1.6708931922912598,0.13425527587879166,6,4,2,6928,9305,55341,8582
train,Train/238-2,data/raw/indoorcd_ply\Train\238-2,68998,74993,-1.5047475099563599,-0.7410943508148193,-0.939143717288971,1.4246383905410767,1.5748186111450195,0.9536835551261902,2.9293859004974365,2.315912961959839,1.8928272724151611,0.0004533756483938501,6,4,2,12428,16829,74959,34
train,Train/238-3,data/raw/indoorcd_ply\Train\238-3,68998,83479,-1.8885390758514404,-0.7403053641319275,-0.965503990650177,1.4072213172912598,1.6567457914352417,0.9536835551261902,3.2957603931427,2.3970510959625244,1.9191875457763672,0.004192671210723655,6,4,2,16783,20446,83129,350
train,Train/238-4,data/raw/indoorcd_ply\Train\238-4,68998,67165,-1.5047475099563599,-0.7293089032173157,-0.9317693710327148,1.4020681381225586,1.2765995264053345,0.9536835551261902,2.906815528869629,2.005908489227295,1.8854529857635498,0.02532569046378322,5,4,1,12427,13661,65464,1701
train,Train/238-5,data/raw/indoorcd_ply\Train\238-5,68998,63936,-1.5047475099563599,-0.7355059385299683,-0.9317693710327148,1.402921438217163,1.2246872186660767,0.9536835551261902,2.9076690673828125,1.960193157196045,1.8854529857635498,0.026667292292292293,4,4,0,12427,15502,62231,1705
val,Val/014-2,data/raw/indoorcd_ply\Val\014-2,49557,50891,-0.7645586133003235,-0.9532362222671509,-0.44774118065834045,0.7570868134498596,1.0911879539489746,0.6954566240310669,1.521645426750183,2.044424057006836,1.143197774887085,0.0,3,1,2,49268,49661,50891,0
val,Val/014-3,data/raw/indoorcd_ply\Val\014-3,49557,60516,-2.251598596572876,-0.9544385075569153,-0.6915566921234131,0.7983482480049133,1.7416976690292358,1.0232239961624146,3.0499467849731445,2.696136236190796,1.7147806882858276,0.002495207878908057,6,4,2,12595,14555,60365,151
val,Val/014-4,data/raw/indoorcd_ply\Val\014-4,49557,58164,-0.7645586133003235,-0.9580680131912231,-1.2276257276535034,0.8438729643821716,1.4752641916275024,0.7498268485069275,1.6084315776824951,2.4333322048187256,1.9774525165557861,0.00816656351007496,4,2,2,24729,28024,57689,475
val,Val/014-5,data/raw/indoorcd_ply\Val\014-5,49557,57861,-2.096381902694702,-0.951164960861206,-1.3076059818267822,1.2968820333480835,1.6849267482757568,0.8302662968635559,3.393263816833496,2.636091709136963,2.1378722190856934,0.010680769430186136,8,4,4,9584,12133,57243,618
val,Val/020-2,data/raw/indoorcd_ply\Val\020-2,156783,135933,-1.4898548126220703,-1.172579288482666,-3.437671184539795,1.1602568626403809,1.5293668508529663,1.9662367105484009,2.650111675262451,2.701946258544922,5.403907775878906,0.004009328124885054,11,8,3,9477,9291,135388,545
val,Val/020-3,data/raw/indoorcd_ply\Val\020-3,156783,134599,-1.492095947265625,-1.1827541589736938,-3.437671184539795,3.6298439502716064,1.5293668508529663,1.9662367105484009,5.121939659118652,2.71212100982666,5.403907775878906,0.03515627902138946,12,9,3,4187,4351,129867,4732
val,Val/020-4,data/raw/indoorcd_ply\Val\020-4,156783,150273,-1.5148606300354004,-1.1754378080368042,-3.437671184539795,1.1602568626403809,1.5293668508529663,2.0027637481689453,2.6751174926757812,2.7048046588897705,5.44043493270874,0.058446959866376526,12,7,5,15163,14078,141490,8783
val,Val/045-2,data/raw/indoorcd_ply\Val\045-2,65442,71695,-0.6811274886131287,-1.415449857711792,-0.6497633457183838,0.8770573139190674,1.4323211908340454,1.0561301708221436,1.5581848621368408,2.847771167755127,1.7058935165405273,0.001813236627379873,4,4,0,14786,16749,71565,130
val,Val/045-3,data/raw/indoorcd_ply\Val\045-3,65442,73745,-0.6951563954353333,-1.415449857711792,-0.6409488320350647,0.8126227259635925,1.423484444618225,1.0561301708221436,1.5077791213989258,2.8389344215393066,1.6970789432525635,0.000922096413316157,4,4,0,14721,18315,73677,68
val,Val/045-4,data/raw/indoorcd_ply\Val\045-4,65442,79365,-0.6895437836647034,-1.415449857711792,-0.6500711441040039,1.1841615438461304,1.423484444618225,1.0561301708221436,1.8737053871154785,2.8389344215393066,1.7062013149261475,0.09971649971649972,4,4,0,14788,17541,71451,7914
val,Val/047-2,data/raw/indoorcd_ply\Val\047-2,99189,101561,-1.4528329372406006,-1.3511366844177246,-0.7703023552894592,1.5414092540740967,1.4711401462554932,1.0767903327941895,2.9942421913146973,2.8222768306732178,1.847092628479004,0.0031803546636996484,8,6,2,11577,13547,101238,323
val,Val/047-3,data/raw/indoorcd_ply\Val\047-3,99189,123030,-1.4528329372406006,-1.3511366844177246,-0.8034483194351196,1.7388118505477905,1.5219677686691284,1.130021333694458,3.1916446685791016,2.8731045722961426,1.9334696531295776,0.0007559131919044136,8,6,2,11834,17165,122937,93
val,Val/047-5,data/raw/indoorcd_ply\Val\047-5,99189,133451,-1.6960829496383667,-1.3511366844177246,-0.7783867120742798,1.7489731311798096,1.4964793920516968,1.096723198890686,3.4450559616088867,2.847616195678711,1.8751099109649658,0.008872170309701688,8,6,2,13444,19134,132267,1184
val,Val/048-2,data/raw/indoorcd_ply\Val\048-2,200892,217073,-2.7441298961639404,-0.5912249088287354,-2.9329874515533447,2.976266860961914,0.8003190159797668,2.7205793857574463,5.720396995544434,1.3915438652038574,5.653566837310791,0.0018473048237228951,18,16,2,6395,10506,216672,401
val,Val/048-3,data/raw/indoorcd_ply\Val\048-3,200892,235157,-2.1644296646118164,-0.5800626873970032,-2.847698450088501,4.0929670333862305,0.8338035941123962,2.7205793857574463,6.257396697998047,1.4138662815093994,5.568277835845947,0.0025642443133736185,19,12,7,15771,14896,234554,603
val,Val/048-4,data/raw/indoorcd_ply\Val\048-4,200892,254747,-2.5472028255462646,-0.5685394406318665,-2.847698450088501,3.8227696418762207,1.019208550453186,2.7205793857574463,6.369972229003906,1.5877480506896973,5.568277835845947,0.002838109967928965,19,14,5,10126,13203,254024,723
val,Val/048-5,data/raw/indoorcd_ply\Val\048-5,200892,254485,-2.5333690643310547,-0.5659735202789307,-2.847698450088501,4.201626300811768,0.7741580009460449,2.7205793857574463,6.734995365142822,1.3401315212249756,5.568277835845947,0.004440340295105802,20,16,4,4033,12934,253355,1130
val,Val/059-3,data/raw/indoorcd_ply\Val\059-3,152628,127542,-1.7849767208099365,-1.700589895248413,-0.8442327380180359,1.7232342958450317,1.6870827674865723,0.8378899097442627,3.508211135864258,3.3876726627349854,1.6821227073669434,0.004461275501403459,7,6,1,23487,19213,126973,569
val,Val/064-2,data/raw/indoorcd_ply\Val\064-2,91686,101898,-1.189379334449768,-1.3940116167068481,-0.8967442512512207,0.8531702756881714,1.3394047021865845,0.9431836009025574,2.0425496101379395,2.7334163188934326,1.8399279117584229,0.0018351685018351686,7,5,2,13830,13212,101711,187
val,Val/064-3,data/raw/indoorcd_ply\Val\064-3,91686,95651,-0.8833509683609009,-1.3835467100143433,-0.8967442512512207,0.8636516332626343,1.334867238998413,0.9431836009025574,1.7470026016235352,2.718413829803467,1.8399279117584229,0.029084902405620432,4,4,0,17152,18419,92869,2782
val,Val/064-4,data/raw/indoorcd_ply\Val\064-4,91686,92139,-1.0509816408157349,-1.3847112655639648,-0.8968526124954224,0.8583539128303528,1.3430452346801758,0.9431836009025574,1.9093356132507324,2.7277565002441406,1.840036153793335,0.006902614528050011,4,4,0,17163,17993,91503,636
val,Val/064-5,data/raw/indoorcd_ply\Val\064-5,91686,111678,-1.171452283859253,-1.4098376035690308,-0.8967442512512207,0.9077266454696655,1.334867238998413,1.1100424528121948,2.079178810119629,2.7447047233581543,2.006786823272705,0.03297874245598954,8,6,2,12050,16105,107995,3683
val,Val/068-2,data/raw/indoorcd_ply\Val\068-2,99141,112760,-1.661360263824463,-1.7053767442703247,-0.5366581082344055,1.7341116666793823,1.6214556694030762,0.874343991279602,3.3954720497131348,3.3268322944641113,1.4110021591186523,0.0025984391628236965,8,4,4,23087,24548,112467,293
val,Val/068-3,data/raw/indoorcd_ply\Val\068-3,99141,127320,-1.6394258737564087,-1.7698725461959839,-0.5366581082344055,1.8810735940933228,1.665794849395752,0.9714294672012329,3.5204994678497314,3.4356675148010254,1.5080876350402832,0.0004555450832547911,8,4,4,23301,27011,127262,58
val,Val/068-4,data/raw/indoorcd_ply\Val\068-4,99141,127817,-1.7133736610412598,-1.7022305727005005,-0.5366581082344055,1.8555866479873657,1.6296396255493164,0.9205830097198486,3.568960189819336,3.3318700790405273,1.4572410583496094,0.002918234663620645,8,4,4,23292,26126,127444,373
val,Val/068-5,data/raw/indoorcd_ply\Val\068-5,99141,134678,-1.7200324535369873,-1.7073253393173218,-0.5403302311897278,1.836661458015442,1.6178109645843506,1.0343022346496582,3.5566940307617188,3.325136184692383,1.5746324062347412,0.005078780498670904,8,4,4,23337,29111,133994,684
val,Val/076-2,data/raw/indoorcd_ply\Val\076-2,77755,73647,-1.0135040283203125,-1.4720600843429565,-0.6194310188293457,0.6949511170387268,1.4701569080352783,0.8511727452278137,1.7084550857543945,2.9422168731689453,1.4706037044525146,0.009328282211088028,4,4,0,11636,10125,72960,687
val,Val/076-3,data/raw/indoorcd_ply\Val\076-3,77755,73808,-0.9696583151817322,-1.4862111806869507,-1.3946444988250732,0.7535854578018188,1.4661091566085815,0.9016782641410828,1.7232437133789062,2.9523203372955322,2.296322822570801,0.007356926078473878,5,5,0,10911,11100,73265,543
val,Val/076-5,data/raw/indoorcd_ply\Val\076-5,77755,100044,-1.1952204704284668,-1.4761704206466675,-1.4658730030059814,0.6949511170387268,1.4661091566085815,1.0372806787490845,1.8901715278625488,2.942279577255249,2.5031538009643555,0.02026108512254608,6,5,1,10822,18162,98017,2027
val,Val/083-2,data/raw/indoorcd_ply\Val\083-2,122012,123545,-1.1245028972625732,-1.4061830043792725,-0.9552298188209534,1.0989208221435547,1.4651823043823242,1.0042579174041748,2.223423719406128,2.8713653087615967,1.9594876766204834,4.047108341090291e-05,8,8,0,12107,11130,123540,5
val,Val/083-3,data/raw/indoorcd_ply\Val\083-3,122012,136180,-1.1669843196868896,-1.4326462745666504,-0.9546911716461182,1.1051287651062012,1.4607641696929932,1.1521183252334595,2.272113084793091,2.8934104442596436,2.106809616088867,0.015876046409164343,10,8,2,12020,13623,134018,2162
val,Val/083-4,data/raw/indoorcd_ply\Val\083-4,122012,121555,-1.0835856199264526,-1.4452128410339355,-0.9531793594360352,1.1061289310455322,1.4607641696929932,0.9582468867301941,2.1897144317626953,2.9059770107269287,1.911426305770874,0.008777919460326602,8,8,0,11947,11051,120488,1067
val,Val/083-5,data/raw/indoorcd_ply\Val\083-5,122012,119507,-1.0835856199264526,-1.3934170007705688,-0.9531793594360352,1.1180123090744019,1.4607641696929932,0.9582468867301941,2.2015979290008545,2.8541812896728516,1.911426305770874,0.024400244337151798,8,8,0,12103,9385,116591,2916
val,Val/115-3,data/raw/indoorcd_ply\Val\115-3,110731,122885,-1.6182628870010376,-1.3729697465896606,-1.6576330661773682,1.2519015073776245,1.4641566276550293,0.8977498412132263,2.870164394378662,2.8371262550354004,2.5553829669952393,0.004207185580013834,11,11,0,5399,6453,122368,517
val,Val/115-4,data/raw/indoorcd_ply\Val\115-4,110731,110660,-1.6182628870010376,-1.3729697465896606,-1.4587047100067139,1.309054970741272,1.4696688652038574,0.9950227737426758,2.9273178577423096,2.8426384925842285,2.4537274837493896,0.005051509127055847,12,10,2,5342,6361,110101,559
val,Val/115-5,data/raw/indoorcd_ply\Val\115-5,110731,126333,-1.6182628870010376,-1.3729697465896606,-1.6178693771362305,1.3908110857009888,1.4641566276550293,0.9024717211723328,3.0090739727020264,2.8371262550354004,2.520341157913208,0.0034986899701582325,12,11,1,4763,8247,125891,442
val,Val/133-2,data/raw/indoorcd_ply\Val\133-2,50334,47343,-0.7355918884277344,-1.3555856943130493,-0.4818468689918518,0.6224613785743713,1.3569669723510742,0.6563667058944702,1.358053207397461,2.712552547454834,1.1382136344909668,0.03622499630357181,3,3,0,5833,3029,45628,1715
val,Val/133-3,data/raw/indoorcd_ply\Val\133-3,50334,51248,-1.1052078008651733,-1.3994834423065186,-0.4589229226112366,0.6224613785743713,1.482271671295166,0.6360129714012146,1.7276692390441895,2.8817551136016846,1.0949358940124512,0.005853886980955354,3,2,1,25055,25528,50948,300
val,Val/133-4,data/raw/indoorcd_ply\Val\133-4,50334,35336,-0.6929817199707031,-1.334326148033142,-1.2173712253570557,0.6224613785743713,1.3569669723510742,0.6360129714012146,1.3154430389404297,2.691293239593506,1.853384256362915,0.04454380801448947,4,4,0,6949,5899,33762,1574
val,Val/133-5,data/raw/indoorcd_ply\Val\133-5,50334,48517,-0.6929817199707031,-1.3530408143997192,-0.44914907217025757,0.6224613785743713,1.3569669723510742,0.6360129714012146,1.3154430389404297,2.710007667541504,1.0851620435714722,0.08291938908011624,3,2,1,25075,24217,44494,4023
val,Val/140-2,data/raw/indoorcd_ply\Val\140-2,71338,75761,-0.7965905070304871,-1.4736146926879883,-0.9176623225212097,0.7057733535766602,1.4712681770324707,0.5863995552062988,1.502363920211792,2.944882869720459,1.5040619373321533,0.0,4,4,0,20189,20870,75761,0
val,Val/140-3,data/raw/indoorcd_ply\Val\140-3,71338,90049,-0.9610617756843567,-1.4559876918792725,-0.9989307522773743,0.7057733535766602,1.4727606773376465,0.5895903706550598,1.666835069656372,2.928748369216919,1.588521122932434,0.0011327166320558807,4,4,0,19694,24256,89947,102
val,Val/154-2,data/raw/indoorcd_ply\Val\154-2,128051,122405,-2.0122952461242676,-1.6376965045928955,-0.8131166100502014,1.7856861352920532,1.6865720748901367,1.1407166719436646,3.7979812622070312,3.3242685794830322,1.9538333415985107,0.0016420897839140559,8,6,2,18667,17845,122204,201
val,Val/154-3,data/raw/indoorcd_ply\Val\154-3,128051,153197,-2.3028860092163086,-1.660207748413086,-0.8131166100502014,2.2008895874023438,1.682111144065857,0.8603823781013489,4.503775596618652,3.3423190116882324,1.6734989881515503,0.0014882797966017612,9,6,3,18890,23267,152969,228
val,Val/154-4,data/raw/indoorcd_ply\Val\154-4,128051,122212,-1.9932230710983276,-1.6729881763458252,-0.9081631898880005,2.1274518966674805,1.6919931173324585,0.9905685782432556,4.120675086975098,3.364981174468994,1.8987317085266113,0.014343926946617354,7,6,1,19016,18539,120459,1753
val,Val/154-5,data/raw/indoorcd_ply\Val\154-5,128051,158358,-2.5677578449249268,-1.654542088508606,-0.8150097727775574,1.7856861352920532,1.682111144065857,0.8603823781013489,4.3534440994262695,3.336653232574463,1.6753921508789062,0.01048257745109183,9,7,2,14711,24544,156698,1660
val,Val/172-2,data/raw/indoorcd_ply\Val\172-2,49533,52535,-0.5418998003005981,-1.3928030729293823,-1.0660903453826904,0.5949254035949707,1.391970157623291,0.7860180139541626,1.1368252038955688,2.784773349761963,1.852108359336853,0.0,4,4,0,11581,11888,52535,0
val,Val/172-3,data/raw/indoorcd_ply\Val\172-3,49533,64673,-0.5567048788070679,-1.375844120979309,-0.9383202791213989,0.7601873874664307,1.5261656045913696,0.7737721800804138,1.3168922662734985,2.9020097255706787,1.712092399597168,0.018137398914539297,4,4,0,10614,14498,63500,1173
val,Val/172-4,data/raw/indoorcd_ply\Val\172-4,49533,66296,-0.5631925463676453,-1.3747690916061401,-0.9604464173316956,0.69455486536026,1.5784647464752197,0.993480920791626,1.2577474117279053,2.9532337188720703,1.9539272785186768,0.061436587426089054,4,4,0,10750,16133,62223,4073
val,Val/172-5,data/raw/indoorcd_ply\Val\172-5,49533,64927,-0.5654047727584839,-1.393363118171692,-0.7426896095275879,0.5761533379554749,1.5611140727996826,1.3455168008804321,1.1415581703186035,2.954477310180664,2.0882062911987305,0.07288185192600921,5,4,1,9425,14299,60195,4732
val,Val/178-2,data/raw/indoorcd_ply\Val\178-2,88069,95333,-1.365959644317627,-1.3736412525177002,-0.7894205451011658,1.0428129434585571,1.4443302154541016,0.8075461983680725,2.4087724685668945,2.8179714679718018,1.5969667434692383,0.014486064636589639,8,6,2,6922,3568,93952,1381
val,Val/178-3,data/raw/indoorcd_ply\Val\178-3,88069,94285,-1.3105915784835815,-1.3726727962493896,-0.7731152176856995,1.0428129434585571,1.4322071075439453,0.9657970666885376,2.3534045219421387,2.804879903793335,1.7389123439788818,0.003850029166887628,8,5,3,9910,15287,93922,363
val,Val/178-4,data/raw/indoorcd_ply\Val\178-4,88069,90515,-1.3555819988250732,-1.4466769695281982,-0.7815361022949219,1.0428129434585571,1.4411252737045288,1.0700366497039795,2.39839506149292,2.8878021240234375,1.8515727519989014,0.023443628127934598,8,6,2,6734,7474,88393,2122
val,Val/178-5,data/raw/indoorcd_ply\Val\178-5,88069,91095,-1.3938597440719604,-1.371748685836792,-0.7731152176856995,1.0428129434585571,1.4322071075439453,1.2373322248458862,2.4366726875305176,2.8039557933807373,2.0104475021362305,0.041341456721005546,9,6,3,7312,7699,87329,3766
val,Val/183-2,data/raw/indoorcd_ply\Val\183-2,64946,64107,-0.808631956577301,-1.521553874015808,-0.5595258474349976,0.7651930451393127,1.5379998683929443,0.7231208682060242,1.5738250017166138,3.059553623199463,1.282646656036377,0.000608357901633207,4,3,1,21482,22705,64068,39
val,Val/183-3,data/raw/indoorcd_ply\Val\183-3,64946,82007,-0.8501731753349304,-1.7080111503601074,-0.5577502250671387,0.9261991381645203,1.5328869819641113,1.02748703956604,1.7763723134994507,3.2408981323242188,1.5852372646331787,0.014035387223041935,4,3,1,24735,28882,80856,1151
val,Val/183-4,data/raw/indoorcd_ply\Val\183-4,64946,70379,-0.7893107533454895,-1.653566837310791,-0.5577502250671387,0.7651930451393127,1.5328869819641113,1.0426785945892334,1.5545037984848022,3.1864538192749023,1.600428819656372,0.01683740888617343,4,3,1,23775,20978,69194,1185
val,Val/183-5,data/raw/indoorcd_ply\Val\183-5,64946,81911,-0.7893107533454895,-1.6836498975753784,-0.5602224469184875,0.7651930451393127,1.5328869819641113,0.9416005611419678,1.5545037984848022,3.2165369987487793,1.5018229484558105,0.0217186946808121,4,3,1,24269,28204,80132,1779
val,Val/187-2,data/raw/indoorcd_ply\Val\187-2,73736,75403,-0.6165000200271606,-1.2735240459442139,-0.5910034775733948,0.6509859561920166,1.4249531030654907,0.5992544889450073,1.2674859762191772,2.698477268218994,1.1902580261230469,0.01545031364799809,4,4,0,15963,17163,74238,1165
val,Val/187-3,data/raw/indoorcd_ply\Val\187-3,73736,76320,-0.6167340874671936,-1.2735240459442139,-0.6099010109901428,0.6509859561920166,1.4265214204788208,0.5992544889450073,1.2677199840545654,2.700045585632324,1.209155559539795,0.006053459119496856,4,4,0,16123,16678,75858,462
val,Val/187-4,data/raw/indoorcd_ply\Val\187-4,73736,64839,-0.6223940849304199,-1.2735240459442139,-0.599650502204895,0.6608283519744873,1.4339410066604614,0.6115679144859314,1.2832224369049072,2.707465171813965,1.2112183570861816,0.021206372707783895,4,4,0,16035,14232,63464,1375
val,Val/187-5,data/raw/indoorcd_ply\Val\187-5,73736,80597,-0.6165220737457275,-1.2735240459442139,-0.5965188145637512,0.6509859561920166,1.4362138509750366,0.5992544889450073,1.2675080299377441,2.709737777709961,1.1957733631134033,0.01859870714790873,4,4,0,16015,17057,79098,1499
val,Val/189-2,data/raw/indoorcd_ply\Val\189-2,93037,102267,-1.609364628791809,-1.7495803833007812,-0.5109812021255493,1.4869763851165771,1.5856914520263672,0.6085514426231384,3.096341133117676,3.3352718353271484,1.119532585144043,0.008057340099934486,6,4,2,21901,23054,101443,824
val,Val/189-3,data/raw/indoorcd_ply\Val\189-3,93037,106132,-1.547476053237915,-1.7695562839508057,-0.5109812021255493,1.35148024559021,1.5856914520263672,0.7633782625198364,2.898956298828125,3.355247735977173,1.2743594646453857,0.004908981268608902,8,5,3,14985,15565,105611,521
val,Val/189-4,data/raw/indoorcd_ply\Val\189-4,93037,98642,-1.424328327178955,-1.7535924911499023,-0.5109812021255493,1.35148024559021,1.5856914520263672,0.6419790387153625,2.775808572769165,3.3392839431762695,1.1529603004455566,0.007643802842602542,8,5,3,11906,11164,97888,754
val,Val/189-5,data/raw/indoorcd_ply\Val\189-5,93037,115100,-1.6921731233596802,-1.759952187538147,-0.5542453527450562,1.35148024559021,1.6650394201278687,0.6315407156944275,3.0436534881591797,3.4249916076660156,1.1857860088348389,0.01727193744569939,8,4,4,22050,26150,113112,1988
val,Val/202-2,data/raw/indoorcd_ply\Val\202-2,91120,112637,-1.021801471710205,-1.3982638120651245,-0.8166300654411316,1.220866322517395,1.3878209590911865,0.9536511301994324,2.2426676750183105,2.7860846519470215,1.770281195640564,0.012589113701536795,7,4,3,14415,17244,111219,1418
val,Val/202-3,data/raw/indoorcd_ply\Val\202-3,91120,105630,-0.9380589127540588,-1.3831181526184082,-0.6831819415092468,1.5337932109832764,1.3700321912765503,0.8301083445549011,2.4718520641326904,2.753150463104248,1.513290286064148,0.0021016756603237717,6,4,2,13037,16039,105408,222
val,Val/202-4,data/raw/indoorcd_ply\Val\202-4,91120,109578,-0.9366998076438904,-1.3809523582458496,-0.674071192741394,1.1526448726654053,1.4222497940063477,0.6800310015678406,2.0893447399139404,2.8032021522521973,1.3541021347045898,0.0683440106590739,5,4,1,12973,15711,102089,7489
val,Val/202-5,data/raw/indoorcd_ply\Val\202-5,91120,96003,-1.5362887382507324,-1.3829461336135864,-0.7021052241325378,0.9872950911521912,1.3700321912765503,0.9230615496635437,2.5235838890075684,2.7529783248901367,1.6251667737960815,0.0806328968886389,7,6,1,6675,9576,88262,7741
val,Val/211-2,data/raw/indoorcd_ply\Val\211-2,86520,93138,-0.7962860465049744,-1.3175042867660522,-0.9166650772094727,1.0066059827804565,1.500975251197815,1.0558454990386963,1.8028919696807861,2.818479537963867,1.972510576248169,0.0023942966351006034,4,4,0,18059,19547,92915,223
val,Val/211-3,data/raw/indoorcd_ply\Val\211-3,86520,85870,-0.7962860465049744,-1.3181288242340088,-0.8559775948524475,0.8449877500534058,1.4939169883728027,1.0558454990386963,1.6412737369537354,2.8120458126068115,1.911823034286499,0.0,4,4,0,17718,18654,85870,0
val,Val/211-4,data/raw/indoorcd_ply\Val\211-4,86520,88258,-0.7962860465049744,-1.2985165119171143,-0.8559775948524475,0.8449877500534058,1.479482889175415,1.1359972953796387,1.6412737369537354,2.7779994010925293,1.9919748306274414,0.003308481950644701,4,4,0,17644,20372,87966,292
val,Val/211-5,data/raw/indoorcd_ply\Val\211-5,86520,96015,-0.7962860465049744,-1.2985165119171143,-0.8559775948524475,0.9023052453994751,1.4794766902923584,1.2291150093078613,1.6985912322998047,2.7779932022094727,2.085092544555664,0.005509555798573139,6,4,2,17644,20981,95486,529
val,Val/220-2,data/raw/indoorcd_ply\Val\220-2,83270,68027,-1.2243376970291138,-1.66560697555542,-0.8065185546875,1.2233128547668457,1.7275960445404053,0.7209843993186951,2.44765043258667,3.393203020095825,1.5275030136108398,0.0,7,5,2,4499,3263,68027,0
val,Val/220-3,data/raw/indoorcd_ply\Val\220-3,83270,63876,-1.1681663990020752,-1.6702533960342407,-0.8065185546875,1.2233128547668457,1.7421295642852783,0.7209843993186951,2.391479253768921,3.4123830795288086,1.5275030136108398,0.013416619700670047,6,4,2,15862,10864,63019,857
val,Val/220-4,data/raw/indoorcd_ply\Val\220-4,83270,79747,-1.2749356031417847,-1.6650950908660889,-0.8065185546875,1.2233128547668457,1.6862763166427612,0.7209843993186951,2.49824857711792,3.3513712882995605,1.5275030136108398,0.061920824607822236,7,5,2,5233,5682,74809,4938
val,Val/220-5,data/raw/indoorcd_ply\Val\220-5,83270,80416,-1.2688355445861816,-1.6777632236480713,-0.8065185546875,1.2233128547668457,1.6961015462875366,0.7209843993186951,2.4921483993530273,3.3738646507263184,1.5275030136108398,0.07681307202546757,7,5,2,5165,5366,74239,6177
